"Sr.","Stock Name","Symbol","Links","% Chg","Price","Volume"
"1001","20 Microns Limited","20MICRONS","P&F | F.A","0.64%","221.82","256"
"420","360 ONE WAM Ltd","360ONE","P&F | F.A","-0.29%","970.15","2,738"
"11","3m India Limited","3MINDIA","P&F | F.A","0.73%","38133.55","48"
"698","5Paisa Capital Ltd","5PAISA","P&F | F.A","-3.21%","491.25","4,585"
"796","63 Moons Technologies","63MOONS","P&F | F.A","1.78%","382.9","115"
"763","Aadhar Housing Finance Ltd","AADHARHFC","P&F | F.A","-0.21%","417.95","3,043"
"542","Aarti Industries Limited","AARTIIND","P&F | F.A","1.01%","712","6,050"
"589","Aarti Pharmalabs Ltd","AARTIPHARM","P&F | F.A","0.3%","637.1","310"
"564","Aarti Surfactants Ltd","AARTISURF","P&F | F.A","0.01%","679","44"
"689","Abans Holdings Ltd","AHL","P&F | F.A","0.73%","499.6","326"
"75","Abb India Limited","ABB","P&F | F.A","0.03%","8589.95","1,545"
"20","Abbott India Limited","ABBOTINDIA","P&F | F.A","0.7%","27817.25","34"
"196","Acc Limited","ACC","P&F | F.A","0.67%","2768","4,755"
"279","Accelya Kale Solutions Limited","ACCELYA","P&F | F.A","0%","1729.15","10"
"320","Action Construction Equipment Limited","ACE","P&F | F.A","0%","1460.5","1,039"
"412","Adani Energy Solutions Ltd","ADANIENSOL","P&F | F.A","0.58%","1005","3,141"
"173","Adani Enterprises Limited","ADANIENT","P&F | F.A","-0.12%","3179.85","1,873"
"315","Adani Ports And Special Economic Zone Limited","ADANIPORTS","P&F | F.A","0.34%","1479.5","7,578"
"540","Adani Power Limited","ADANIPOWER","P&F | F.A","-0.06%","717","10,750"
"449","Adani Total Gas Ltd","ATGL","P&F | F.A","1%","896.95","3,250"
"839","Adani Wilmar Ltd","AWL","P&F | F.A","0.69%","334.9","6,054"
"965","Adf Foods Limited","ADFFOODS","P&F | F.A","-0.12%","242","1,500"
"968","Aditya Birla Capital Ltd","ABCAPITAL","P&F | F.A","0.48%","241.35","10,098"
"860","Aditya Birla Fashion And Retail Limited","ABFRL","P&F | F.A","0.6%","324.45","15,238"
"1092","Aditya Birla Money Limited","BIRLAMONEY","P&F | F.A","0.83%","166.3","703"
"335","Ador Welding Limited","ADORWELD","P&F | F.A","0.17%","1409.6","9"
"801","Advanced Enzyme Technologies Limited","ADVENZYMES","P&F | F.A","0.63%","377.75","407"
"463","Aegis Logistics Ltd","AEGISLOG","P&F | F.A","0.57%","859.95","1,226"
"1103","Aeroflex Industries Ltd","AEROFLEX","P&F | F.A","0%","160.02","1,200"
"437","Aether Industries Ltd","AETHER","P&F | F.A","-0.11%","926","559"
"340","Affle India Ltd","AFFLE","P&F | F.A","1%","1377.8","1,875"
"501","AGI Greenpac Ltd","AGI","P&F | F.A","1.74%","771.5","4,070"
"1036","Agri-tech (india) Limited","AGRITECH","P&F | F.A","0%","199.45","50"
"362","Ahluwalia Contracts (india) Limited","AHLUCONT","P&F | F.A","1%","1253","310"
"144","Aia Engineering Limited","AIAENG","P&F | F.A","0.4%","4229.4","25"
"224","Ajanta Pharma Limited","AJANTPHARM","P&F | F.A","0.7%","2272","128"
"561","Ajmera Realty & Infra India Limited","AJMERA","P&F | F.A","0.29%","685.3","50"
"341","Albert David Limited","ALBERTDAVD","P&F | F.A","1.04%","1375","55"
"434","Alembic Pharmaceuticals Limited","APLLTD","P&F | F.A","0.53%","928.4","780"
"342","Alicon Castalloy Limited","ALICON","P&F | F.A","4.1%","1372.95","3,264"
"1118","Alkali Metals Limited","ALKALI","P&F | F.A","1.87%","153.9","102"
"121","Alkem Laboratories Limited","ALKEM","P&F | F.A","0.2%","4968.6","96"
"1007","Allied Digital Services Limited","ADSL","P&F | F.A","0.28%","218","87,601"
"364","Allsec Technologies Limited","ALLSEC","P&F | F.A","1.4%","1238","314"
"778","Alphageo (india) Limited","ALPHAGEO","P&F | F.A","1%","402.7","110"
"280","Amara Raja Energy & Mobility Ltd","ARE&M","P&F | F.A","0.12%","1717","7,711"
"284","Ambika Cotton Mills Limited","AMBIKCO","P&F | F.A","1.2%","1684.9","159"
"869","Amines & Plasticizers Ltd","AMNPLST","P&F | F.A","0%","313.1","350"
"493","Amrutanjan Health Care Limited","AMRUTANJAN","P&F | F.A","0.08%","787","1,000"
"158","Anand Rathi Wealth Ltd","ANANDRATHI","P&F | F.A","-1.55%","3860","171"
"1048","Anant Raj Global Ltd","TARC","P&F | F.A","0.74%","192.9","1,702"
"724","Anant Raj Limited","ANANTRAJ","P&F | F.A","4.14%","462","20,068"
"613","Andhra Paper Ltd","ANDHRAPAP","P&F | F.A","0.65%","589","257"
"219","Angel One Ltd","ANGELONE","P&F | F.A","-8.49%","2359.75","21,221"
"1021","Anjani Portland Cement Ltd.-$","APCL","P&F | F.A","1.1%","209","1,299"
"78","Apar Industries Limited","APARINDS","P&F | F.A","-0.36%","8450","438"
"745","Apcotex Industries Limited","APCOTEXIND","P&F | F.A","-0.52%","438","523"
"1061","Apeejay Surrendra Park Hotels Ltd","PARKHOTELS","P&F | F.A","2.42%","183.65","1,002"
"993","Apex Frozen Foods","APEX","P&F | F.A","0.71%","225.45","583"
"293","Apl Apollo Tubes Limited","APLAPOLLO","P&F | F.A","0.84%","1627.5","3,628"
"103","Apollo Hospitals Enterprise Limited","APOLLOHOSP","P&F | F.A","-0.09%","6134.75","377"
"591","Apollo Pipes Ltd","APOLLOPIPE","P&F | F.A","0.79%","636","238"
"313","Apollo Sindoori Hotels Limited","APOLSINHOT","P&F | F.A","-0.89%","1485","25"
"648","Apollo Tyres Limited","APOLLOTYRE","P&F | F.A","0.28%","547.45","8,528"
"1003","Aptech Limited","APTECHT","P&F | F.A","0.82%","221.2","201"
"562","Archean Chemical Industries Ltd","ACI","P&F | F.A","0.57%","684.8","3,305"
"930","Aries Agro Limited","ARIES","P&F | F.A","0.52%","259.9","108"
"836","Arihant Superstructures Ltd","ARIHANTSUP","P&F | F.A","0.82%","338.5","3"
"230","Arman Financial Services Limited","ARMANFIN","P&F | F.A","0.83%","2150","293"
"630","Arrow Greentech Limited","ARROWGREEN","P&F | F.A","0.31%","569.2","131"
"1065","Artemis Medicare Services Ltd","ARTEMISMED","P&F | F.A","1%","178.65","487"
"673","Arvind Fashions Ltd","ARVINDFASN","P&F | F.A","0.57%","517.2","1,155"
"797","Arvind Limited","ARVIND","P&F | F.A","0.49%","380.25","1,379"
"546","Arvind Smartspaces Limited","ARVSMART","P&F | F.A","0.09%","703.15","41"
"700","Asahi Songwon Colors Limited","ASAHISONG","P&F | F.A","0%","488.55","2,157"
"759","Ashapura Minechem Limited","ASHAPURMIN","P&F | F.A","0.51%","420.45","404"
"757","Ashiana Housing Limited","ASHIANA","P&F | F.A","0.56%","423.85","95"
"971","Ashok Leyland Limited","ASHOKLEY","P&F | F.A","0.05%","238.9","15,825"
"985","Ashoka Buildcon Limited","ASHOKA","P&F | F.A","0.32%","228.6","1,963"
"856","Asian Energy Services Ltd","ASIANENE","P&F | F.A","1.25%","328","2,773"
"181","Asian Paints Limited","ASIANPAINT","P&F | F.A","0%","2927.8","4,058"
"800","ASK Automotive Ltd","ASKAUTOLTD","P&F | F.A","0.19%","378.35","2,167"
"908","Aspinwall And Company Limited","ASPINWALL","P&F | F.A","0.41%","280","2"
"565","Associated Alcohols & Breweries Ltd","ASALCBR","P&F | F.A","0.86%","678.9","91"
"344","Astec Lifesciences Limited","ASTEC","P&F | F.A","0.43%","1367.35","83"
"419","Astra Microwave Products Limited","ASTRAMICRO","P&F | F.A","0.54%","970.8","3,602"
"218","Astral Poly Technik Limited","ASTRAL","P&F | F.A","-0.3%","2371.1","841"
"1037","Atam Valves Ltd","ATAM","P&F | F.A","-0.23%","198.97","1"
"499","Atul Auto Limited","ATULAUTO","P&F | F.A","2.85%","773.7","60,679"
"96","Atul Limited","ATUL","P&F | F.A","0.18%","6601","228"
"569","AU Small Finance Bank","AUBANK","P&F | F.A","0.1%","674.55","1,050"
"337","Aurionpro Solutions Limited","AURIONPRO","P&F | F.A","1.03%","1400","73"
"369","Aurobindo Pharma Limited","AUROPHARMA","P&F | F.A","0.58%","1218.8","1,158"
"382","Authum Investment & Infrastructure Ltd","AIIL","P&F | F.A","0.93%","1151","151"
"242","Automotive Axles Limited","AUTOAXLES","P&F | F.A","0.05%","2030","30"
"405","Automotive Stampings And Assemblies Limited","ASAL","P&F | F.A","0.48%","1029.9","129"
"594","Avadh Sugar & Energy","AVADHSUGAR","P&F | F.A","0.12%","626","20"
"646","Avalon Technologies Ltd","AVALON","P&F | F.A","1.49%","553.45","195"
"593","Avanti Feeds Limited","AVANTIFEED","P&F | F.A","1.13%","626.5","2,832"
"126","Avenue Supermarts","DMART","P&F | F.A","0.49%","4759.1","965"
"693","AVG Logistics Ltd","AVG","P&F | F.A","0.34%","497","55"
"677","AWFIS Space Solutions Ltd","AWFIS","P&F | F.A","-0.3%","514","1,003"
"611","Axiscades Engineering Technologies Limited","AXISCADES","P&F | F.A","0.47%","598.8","1,800"
"256","Azad Engineering Ltd","AZAD","P&F | F.A","0.75%","1884","553"
"947","B&B Triplewall Containers Ltd","BBTCL","P&F | F.A","0%","250.62","10"
"67","Bajaj Auto Limited","BAJAJ-AUTO","P&F | F.A","-0.13%","9520","764"
"921","Bajaj Consumer Care Ltd","BAJAJCON","P&F | F.A","-0.85%","268.25","7,390"
"396","Bajaj Electricals Limited","BAJAJELEC","P&F | F.A","0.49%","1064","28"
"88","Bajaj Finance Limited","BAJFINANCE","P&F | F.A","-0.02%","7275","3,216"
"300","Bajaj Finserv Limited","BAJAJFINSV","P&F | F.A","0%","1580.2","3,423"
"817","Bajaj Healthcare Ltd","BAJAJHCARE","P&F | F.A","0.68%","357","579"
"74","Bajaj Holdings & Investment Limited","BAJAJHLDNG","P&F | F.A","-0.3%","8730.5","97"
"888","BAJEL","BAJEL","P&F | F.A","-0.28%","298","4,512"
"216","Balaji Amines Limited","BALAMINES","P&F | F.A","1.12%","2398.5","715"
"172","Balkrishna Industries Limited","BALKRISIND","P&F | F.A","-0.34%","3180","931"
"914","Balmer Lawrie & Company Limited","BALMLAWRIE","P&F | F.A","0.46%","272","995"
"749","Balrampur Chini Mills Limited","BALRAMCHIN","P&F | F.A","0.18%","435","852"
"852","Balu Forge Industries Ltd","BALUFORGE","P&F | F.A","0.47%","329.3","834"
"548","Banco Products (i) Limited","BANCOINDIA","P&F | F.A","0.22%","701.5","80"
"7","BANKNIFTY","BANKNIFTY","P&F | F.A","0.42%","52793.75","0"
"174","Bannari Amman Sugars Limited","BANARISUG","P&F | F.A","0.25%","3163.4","1"
"1112","Banswara Syntex Limited","BANSWRAS","P&F | F.A","0.11%","157.2","236"
"117","Basf India Limited","BASF","P&F | F.A","0.77%","5151.85","47"
"308","Bata India Limited","BATAINDIA","P&F | F.A","0.73%","1507","516"
"95","Bayer Cropscience Limited","BAYERCROP","P&F | F.A","0.05%","6697.05","25"
"972","Bedmutha Industries Limited","BEDMUTHA","P&F | F.A","0%","237.77","4"
"887","BEML Land Assets Ltd","BLAL","P&F | F.A","-0.2%","298","267"
"133","Beml Limited","BEML","P&F | F.A","0.06%","4535.05","415"
"681","Berger Paints (i) Limited","BERGEPAINT","P&F | F.A","-0.1%","506.75","1,341"
"547","Bf Investment Limited","BFINVEST","P&F | F.A","0.36%","702.1","112"
"451","Bf Utilities Limited","BFUTILITIE","P&F | F.A","0.15%","895","1,088"
"1080","Bhageria Industries Limited","BHAGERIA","P&F | F.A","0.01%","172","20"
"916","Bhagiradha Chemicals & Industries Ltd","BHAGCHEM","P&F | F.A","0.64%","272","1,302"
"122","Bharat Bijlee Limited","BBL","P&F | F.A","0.92%","4953","362"
"872","Bharat Electronics Limited","BEL","P&F | F.A","0.44%","309","106,580"
"287","Bharat Forge Limited","BHARATFORG","P&F | F.A","0.17%","1668.75","609"
"882","Bharat Heavy Electricals Limited","BHEL","P&F | F.A","0.43%","303.7","72,519"
"880","Bharat Petroleum Corporation Limited","BPCL","P&F | F.A","-0.18%","304","21,212"
"922","Bharat Wire Ropes Limited","BHARATWIRE","P&F | F.A","0.73%","267.75","540"
"319","Bharti Airtel Limited","BHARTIARTL","P&F | F.A","0.55%","1462","77,928"
"389","Bharti Hexacom Ltd","BHARTIHEXA","P&F | F.A","0.47%","1105.05","1,447"
"994","Bigbloc Construction Limited","BIGBLOC","P&F | F.A","-0.16%","225","1,107"
"535","Bikaji Foods International Ltd","BIKAJI","P&F | F.A","0.58%","722","827"
"814","Biocon Limited","BIOCON","P&F | F.A","0.6%","359.8","15,484"
"951","Birla Cable Limited","BIRLACABLE","P&F | F.A","0.1%","247.85","150"
"295","Birla Corporation Limited","BIRLACORPN","P&F | F.A","0.44%","1613","327"
"534","Birlasoft Ltd","BSOFT","P&F | F.A","0.72%","722.75","11,262"
"931","BLS E-Services Ltd","BLSE","P&F | F.A","2.15%","259.1","4,005"
"803","Bls International Services Limited","BLS","P&F | F.A","0.15%","373","12,349"
"79","Blue Dart Express Limited","BLUEDART","P&F | F.A","1.25%","8240","37"
"760","Blue Jet Healthcare Ltd","BLUEJET","P&F | F.A","0.54%","420","317"
"292","Blue Star Limited","BLUESTARCO","P&F | F.A","0.38%","1629.05","422"
"237","Bombay Burmah Trading Corporation Limited","BBTC","P&F | F.A","0.8%","2100","2,236"
"1015","Bombay Dyeing & Mfg Company Limited","BOMDYEING","P&F | F.A","-0.69%","213","7,468"
"830","Borosil Ltd","BOROLTD","P&F | F.A","1.37%","344.35","2,995"
"992","Borosil Scientific Ltd","BOROSCI","P&F | F.A","0.94%","225.88","1,759"
"577","Brand Concepts Ltd","BCONCEPTS","P&F | F.A","1.45%","659.75","441"
"346","Brigade Enterprises Limited","BRIGADE","P&F | F.A","0.56%","1360","383"
"110","Britannia Industries Limited","BRITANNIA","P&F | F.A","0.43%","5500","1,459"
"206","BSE (Bombay stock exchange)","BSE","P&F | F.A","-0.55%","2560","4,617"
"1030","Bsl Limited","BSL","P&F | F.A","1.23%","203.8","200"
"891","Campus Activewear Ltd","CAMPUS","P&F | F.A","0.41%","295.5","2,084"
"920","Cantabil Retail India Limited","CANTABIL","P&F | F.A","1.11%","269.9","8,062"
"876","Capacite Infraprojects Ltd","CAPACITE","P&F | F.A","-0.05%","307.7","879"
"818","CAPITALSFB","CAPITALSFB","P&F | F.A","1.78%","356.4","1,297"
"1008","Capri Global Capital Limited","CGCL","P&F | F.A","1.98%","217","9,920"
"794","Career Point Limited","CAREERP","P&F | F.A","0.47%","386.65","40"
"609","Ccl Products (india) Limited","CCL","P&F | F.A","1.26%","600.95","1,196"
"191","Ceat Limited","CEATLTD","P&F | F.A","0.01%","2837.45","995"
"448","Cello World Ltd","CELLO","P&F | F.A","0.71%","897","78"
"215","Central Depository Services Ltd","CDSL","P&F | F.A","0.33%","2446","21,280"
"286","Centum Electronics Limited","CENTUM","P&F | F.A","1.39%","1671.55","37"
"514","Century Plyboards (india) Limited","CENTURYPLY","P&F | F.A","0.01%","753.45","890"
"72","Cera Sanitaryware Limited","CERA","P&F | F.A","0.06%","8745","117"
"460","Chalet Hotels Ltd","CHALET","P&F | F.A","0.89%","869","3,089"
"581","Chembond Chemicals Ltd","CHEMBOND","P&F | F.A","1.77%","652.7","332"
"926","Chemcon Speciality Chemicals Ltd","CHEMCON","P&F | F.A","0%","262.65","126"
"325","Cheviot Company Ltd","CHEVIOT","P&F | F.A","-0.61%","1445.1","48"
"790","Choice International Ltd","CHOICEIN","P&F | F.A","0.47%","393.95","7,274"
"303","Cholamandalam Financial Holdings Ltd","CHOLAHLDNG","P&F | F.A","-2.75%","1565.05","5,479"
"618","CIE Automotive India Ltd","CIEINDIA","P&F | F.A","-0.38%","583.9","5,078"
"679","CMS Info Systems Ltd","CMSINFO","P&F | F.A","0.15%","510","8,053"
"8","CNXENERGY","CNXENERGY","P&F | F.A","0.43%","41747.3","0"
"69","CNXINFRA","CNXINFRA","P&F | F.A","0.34%","9162.55","0"
"6","CNXMIDCAP","CNXMIDCAP","P&F | F.A","0.3%","56462.7","0"
"15","CNXMNC","CNXMNC","P&F | F.A","0.47%","30811.6","0"
"2","CNXNIFTYJUNIOR","CNXNIFTYJUNIOR","P&F | F.A","0.32%","72428","0"
"34","CNXPHARMA","CNXPHARMA","P&F | F.A","0.09%","19776.7","0"
"63","CNXPSE","CNXPSE","P&F | F.A","0.35%","10769.25","0"
"388","CNXREALTY","CNXREALTY","P&F | F.A","0.49%","1106.4","0"
"36","CNXSMALLCAP","CNXSMALLCAP","P&F | F.A","0.32%","18653.7","0"
"710","Coal India Limited","COALINDIA","P&F | F.A","0.67%","478","35,303"
"223","Cochin Shipyard","COCHINSHIP","P&F | F.A","0.26%","2272","18,844"
"108","Coforge (Niit Tech)","COFORGE","P&F | F.A","0.65%","5554","934"
"187","Colgate Palmolive (india) Limited","COLPAL","P&F | F.A","0.93%","2888","3,777"
"161","Computer Age Management Services Ltd","CAMS","P&F | F.A","2%","3727.1","2,526"
"304","Concord Biotech Ltd","CONCORDBIO","P&F | F.A","0.56%","1536.55","41"
"1042","Consolidated Finvest & Holdings Limited","CONSOFINVT","P&F | F.A","0.53%","197","118"
"459","Control Print Limited","CONTROLPR","P&F | F.A","0.5%","871.15","23"
"990","Cords Cable Industries Limited","CORDSCABLE","P&F | F.A","-2.95%","226","1,515"
"519","Creative Peripherals & Distribution Ltd","CREATIVE","P&F | F.A","0.03%","747.8","11"
"391","Credit Analysis And Research Limited","CARERATING","P&F | F.A","1%","1100.05","298"
"1081","Credo Brands Marketing Ltd","MUFTI","P&F | F.A","0.37%","170.5","203"
"788","Crest Ventures Limited","CREST","P&F | F.A","0.19%","394.85","141"
"762","Crompton Greaves Consumer Electricals Limited","CROMPTON","P&F | F.A","0.53%","418.7","2,584"
"895","Crown Lifters Ltd","CROWN","P&F | F.A","-4.99%","289.25","593"
"795","CSB Bank Ltd","CSBBANK","P&F | F.A","2.25%","383.7","17,183"
"713","CSL Finance Ltd","CSLFINANCE","P&F | F.A","0.73%","475.15","152"
"512","Cyient DLM Ltd","CYIENTDLM","P&F | F.A","0.63%","754","625"
"1031","D B Realty Limited","DBREALTY","P&F | F.A","-0.06%","203","16,218"
"731","D P Wires Ltd","DPWIRES","P&F | F.A","0.03%","456.95","14"
"688","D-link (india) Limited","DLINKINDIA","P&F | F.A","3.44%","499.8","10,070"
"347","D. P. Abhushan Ltd","DPABHUSHAN","P&F | F.A","1.24%","1359.95","45"
"831","D.b.corp Limited","DBCORP","P&F | F.A","0.82%","343.5","5,317"
"603","Dabur India Limited","DABUR","P&F | F.A","0.96%","616.8","12,696"
"768","Dalmia Bharat Sugar And Industries Limited","DALMIASUG","P&F | F.A","0.21%","415","460"
"580","Datamatics Global Services Limited","DATAMATICS","P&F | F.A","1.43%","654","3,375"
"956","DC Infotech & Communication Ltd","DCI","P&F | F.A","3.87%","245.95","190"
"411","Dcm Shriram Limited","DCMSHRIRAM","P&F | F.A","0.92%","1014.95","174"
"769","DCX Systems Ltd","DCXINDIA","P&F | F.A","9.38%","415","325,094"
"285","De Nora India Limited","DENORA","P&F | F.A","0.43%","1676.35","10"
"550","Deccan Cements Limited","DECCANCE","P&F | F.A","0.06%","699","100"
"855","DEEDEV","DEEDEV","P&F | F.A","1%","328.3","2,798"
"896","Deep Industries Ltd","DEEPINDS","P&F | F.A","-0.29%","288","142"
"556","Deepak Fertilizers And Petrochemicals Corporation Limited","DEEPAKFERT","P&F | F.A","0.63%","690.8","4,221"
"201","Deepak Nitrite Limited","DEEPAKNTR","P&F | F.A","1.11%","2645","2,206"
"1089","Devyani International Ltd","DEVYANI","P&F | F.A","0.19%","167.2","5,518"
"996","Dhampur Sugar Mills Limited","DHAMPURSUG","P&F | F.A","0.25%","223.99","533"
"290","Dhanuka Agritech Limited","DHANUKA","P&F | F.A","0%","1645.6","33"
"945","Dharmaj Crop Guard Ltd","DHARMAJ","P&F | F.A","0.21%","252","61"
"327","Dhunseri Investments Limited","DHUNINV","P&F | F.A","1.5%","1441.45","151"
"806","Dhunseri Ventures Ltd","DVL","P&F | F.A","0.8%","372.1","102"
"655","Diamines & Chemicals Ltd","DIAMINESQ","P&F | F.A","2.27%","540","2"
"653","Dic India Limited","DICIND","P&F | F.A","0.69%","541","16"
"667","Dilip Buildcon Limited","DBL","P&F | F.A","0.14%","525","456"
"1073","Dishman Carbogen Amcis Ltd","DCAL","P&F | F.A","0.03%","175.51","736"
"566","Divgi Torqtransfer Systems Ltd","DIVGIITTS","P&F | F.A","0.23%","678.5","8"
"55","Dixon Technologies","DIXON","P&F | F.A","0.23%","12475","1,433"
"478","Dlf Limited","DLF","P&F | F.A","0.19%","827","3,666"
"400","Dodla Dairy Ltd","DODLA","P&F | F.A","0.15%","1051","19"
"647","Dollar Industries","DOLLAR","P&F | F.A","0.75%","549.9","191"
"545","Dolphin Offshore Enterprises (India) Ltd","DOLPHIN","P&F | F.A","1.56%","706","2"
"231","Doms Industries Ltd","DOMS","P&F | F.A","0.87%","2137","211"
"190","Dr. Lal Path Labs Ltd.","LALPATHLAB","P&F | F.A","0.74%","2844.35","103"
"99","Dr. Reddy's Laboratories Limited","DRREDDY","P&F | F.A","-0.14%","6345","1,040"
"378","Dredging Corporation Of India Limited","DREDGECORP","P&F | F.A","0.2%","1160","3,591"
"380","Dynacons Systems & Solutions Limited","DSSL","P&F | F.A","1.11%","1154.7","176"
"83","Dynamatic Technologies Limited","DYNAMATECH","P&F | F.A","0.86%","7440","16"
"889","Dynemic Products Ltd","DYNPRO","P&F | F.A","-1.28%","298","2,562"
"214","Eclerx Services Limited","ECLERX","P&F | F.A","0.42%","2455","276"
"129","Eicher Motors Limited","EICHERMOT","P&F | F.A","0.01%","4635.9","1,345"
"502","Eid Parry India Limited","EIDPARRY","P&F | F.A","0.16%","769.95","1,196"
"425","Eih Associated Hotels Limited","EIHAHOTELS","P&F | F.A","2.35%","957.85","272"
"751","Eih Limited","EIHOTEL","P&F | F.A","1.27%","434","2,061"
"349","Elecon Engineering Company Limited","ELECON","P&F | F.A","0.74%","1337.95","354"
"979","Electronics Mart India Ltd","EMIL","P&F | F.A","0.26%","230.04","470"
"1051","Electrosteel Castings Limited","ELECTCAST","P&F | F.A","1.85%","192","40,157"
"522","Elgi Equipments Limited","ELGIEQUIP","P&F | F.A","0.87%","738.6","411"
"1013","Elin Electronics Ltd","ELIN","P&F | F.A","1.25%","213.9","3,253"
"527","Emami Limited","EMAMILTD","P&F | F.A","1.93%","735","9,862"
"1104","Emkay Global Financial Services Limited","EMKAY","P&F | F.A","-1.71%","160","1,221"
"560","EMSLIMITED","EMSLIMITED","P&F | F.A","0.85%","685.4","9,776"
"198","Endurance Technologies Limited","ENDURANCE","P&F | F.A","0.92%","2730","322"
"936","Engineers India Limited","ENGINERSIN","P&F | F.A","0.45%","257.4","12,928"
"398","Entero Healthcare Solutions Ltd","ENTERO","P&F | F.A","-0.19%","1062.05","45"
"959","Entertainment Network (india) Limited","ENIL","P&F | F.A","0.41%","244.6","45"
"924","Epack Durable Ltd","EPACK","P&F | F.A","1.14%","263.4","17,592"
"311","Epigral Ltd","EPIGRAL","P&F | F.A","2.19%","1495","4,683"
"1026","EPL Ltd","EPL","P&F | F.A","1.98%","205.99","10,529"
"401","Eris Lifesciences","ERIS","P&F | F.A","0%","1050.15","102"
"101","Esab India Limited","ESABINDIA","P&F | F.A","1%","6169.9","11"
"147","Escorts Limited","ESCORTS","P&F | F.A","0%","4141.7","473"
"829","Eveready Industries India Limited","EVEREADY","P&F | F.A","-0.6%","345.05","500"
"373","Everest Industries Limited","EVERESTIND","P&F | F.A","0.88%","1209","11"
"375","Excel Industries Limited","EXCELINDUS","P&F | F.A","0.7%","1178","27"
"683","Exicom Tele-Systems Ltd","EXICOM","P&F | F.A","0.74%","504","39,548"
"628","Exide Industries Limited","EXIDEIND","P&F | F.A","0.4%","571.65","7,536"
"352","Expleo Solutions Ltd","EXPLEOSOL","P&F | F.A","0.64%","1305","53"
"333","Fairchem Organics Ltd","FAIRCHEMOR","P&F | F.A","0.77%","1414","24"
"732","Faze Three Ltd","FAZE3Q","P&F | F.A","0.93%","454","262"
"718","Fdc Limited","FDC","P&F | F.A","0.37%","473.75","345"
"740","Federal-mogul Goetze (india) Limited.","FMGOETZE","P&F | F.A","0.4%","447.55","34"
"406","Fertilizers And Chemicals Travancore Limited","FACT","P&F | F.A","0.61%","1028","3,005"
"351","Fiem Industries Limited","FIEMIND","P&F | F.A","0.75%","1308","209"
"116","Fine Organic Industries Ltd","FINEORG","P&F | F.A","0.79%","5157.95","217"
"291","Finolex Cables Limited","FINCABLES","P&F | F.A","0.08%","1645","381"
"846","Finolex Industries Limited","FINPIPE","P&F | F.A","-0.03%","332.5","2,044"
"1009","Firstsource Solutions Limited","FSL","P&F | F.A","1.29%","216.7","23,886"
"479","Five Star Business Finance Ltd","FIVESTAR","P&F | F.A","0.41%","826","269"
"877","Flair Writing Industries Ltd","FLAIR","P&F | F.A","1.22%","307.45","1,709"
"71","Force Motors Ltd","FORCEMOT","P&F | F.A","0.16%","8930","60"
"712","Fortis Healthcare Limited","FORTIS","P&F | F.A","0.91%","475.85","1,092"
"145","Foseco India Limited","FOSECOIND","P&F | F.A","0.26%","4200","4"
"728","Fusion Micro Finance Ltd","FUSION","P&F | F.A","1.07%","458.6","696"
"277","G R Infraprojects Ltd","GRINFRA","P&F | F.A","0.7%","1734.7","50"
"706","Gabriel India Limited","GABRIEL","P&F | F.A","0.45%","482.9","1,819"
"998","Gail (india) Limited","GAIL","P&F | F.A","0.49%","223.65","73,976"
"194","Galaxy Surfactants Ltd","GALAXYSURF","P&F | F.A","0.02%","2785.95","44"
"804","Gallantt Metal Limited","GALLANTT","P&F | F.A","2.32%","372.8","184"
"1000","Gandhar Oil Refinery (India) Ltd","GANDHAR","P&F | F.A","2.41%","222","79,833"
"474","Gandhi Special Tubes Limited","GANDHITUBE","P&F | F.A","0.74%","830","37"
"423","Ganesh Housing Corporation Limited","GANESHHOUC","P&F | F.A","0.97%","959.7","558"
"1063","Ganges Securities Ltd","GANGESSECU","P&F | F.A","0.88%","182.99","1,000"
"221","Garden Reach Shipbuilders & Engineers Ltd","GRSE","P&F | F.A","1.32%","2337","74,675"
"154","Garware Technical Fibres Ltd","GARFIBRES","P&F | F.A","0.52%","3974","29"
"298","Ge T&d India Limited","GET&D","P&F | F.A","2.15%","1599.95","180"
"791","Geecee Ventures Limited","GEECEE","P&F | F.A","0.32%","392.2","90"
"793","General Insurance Corporation of India","GICRE","P&F | F.A","1.2%","387.95","6,214"
"399","Gensol Engineering Ltd","GENSOL","P&F | F.A","1.87%","1051.75","1,929"
"833","Genus Power Infrastructures Limited","GENUSPOWER","P&F | F.A","4.87%","340","64,840"
"633","Ghcl Limited","GHCL","P&F | F.A","0%","565.2","656"
"957","Gic Housing Finance Limited","GICHSGFIN","P&F | F.A","1.49%","245.7","5,034"
"85","Gillette India Limited","GILLETTE","P&F | F.A","0.54%","7347.9","22"
"268","Gland Pharma Ltd","GLAND","P&F | F.A","-0.01%","1818","45"
"203","Glaxosmithkline Pharmaceuticals Limited","GLAXO","P&F | F.A","0.76%","2625","133"
"450","Glenmark Life Sciences Ltd","GLS","P&F | F.A","0.9%","895.4","312"
"357","Global Health Ltd","MEDANTA","P&F | F.A","0.74%","1280","539"
"1006","Global Surfaces Ltd","GSLSU","P&F | F.A","1.49%","218","1,001"
"500","Globus Spirits Limited","GLOBUSSPR","P&F | F.A","0.18%","772","1,532"
"571","Gm Breweries Limited","GMBREW","P&F | F.A","1.4%","673","854"
"339","GMM Pfaudler Ltd","GMMPFAUDLR","P&F | F.A","0.88%","1389","505"
"781","Gna Axles Limited","GNA","P&F | F.A","0.02%","401.1","328"
"821","Go Digit General Insurance Ltd","GODIGIT","P&F | F.A","0.28%","352","997"
"486","Goa Carbon Limited","GOACARBON","P&F | F.A","0.35%","812.05","10"
"720","Gocl Corporation Limited","GOCLCORP","P&F | F.A","0.64%","472","158"
"393","Godawari Power And Ispat Limited","GPIL","P&F | F.A","-0.73%","1082.85","1,552"
"141","Godfrey Phillips India Limited","GODFRYPHLP","P&F | F.A","0.03%","4260","40"
"508","Godrej Agrovet Ltd","GODREJAGRO","P&F | F.A","1.19%","759.7","8,304"
"170","Godrej Properties Limited","GODREJPROP","P&F | F.A","1.05%","3194.9","5,443"
"422","Gokaldas Exports Limited","GOKEX","P&F | F.A","0.24%","966.9","286"
"1067","Gokul Agro Resources Limited","GOKULAGRO","P&F | F.A","0.53%","178.3","3,931"
"1100","Goldiam International Limited","GOLDIAM","P&F | F.A","0.4%","162.3","4,364"
"844","Gopal Snacks Ltd","GOPAL","P&F | F.A","1.14%","333","108"
"1120","GPT Healthcare Ltd","GPTHEALTH","P&F | F.A","1.02%","153","307"
"894","Gpt Infraprojects Limited","GPTINFRA","P&F | F.A","1.74%","290","1,518"
"695","Granules India Limited","GRANULES","P&F | F.A","0.03%","494.8","1,480"
"623","Graphite India Limited","GRAPHITE","P&F | F.A","0.6%","576.75","1,290"
"199","Grasim Industries Limited","GRASIM","P&F | F.A","-0.34%","2717","1,762"
"312","Gravita India Limited","GRAVITA","P&F | F.A","0.83%","1489","1,170"
"853","Greenpanel Industries Ltd","GREENPANEL","P&F | F.A","-0.33%","329","1,072"
"851","Greenply Industries Limited","GREENPLY","P&F | F.A","0%","329.7","1,698"
"189","Grindwell Norton Limited","GRINDWELL","P&F | F.A","0.61%","2849.95","133"
"1068","GTPL Hathway","GTPL","P&F | F.A","-0.01%","178.1","361"
"813","Gufic Biosciences Limited","GUFICBIO","P&F | F.A","1.65%","360.8","971"
"498","Gujarat Alkalies And Chemicals Limited","GUJALKALI","P&F | F.A","-0.27%","775","317"
"962","Gujarat Apollo Industries Limited","GUJAPOLLO","P&F | F.A","2.56%","243.95","35"
"168","Gujarat Fluorochemicals Ltd","FLUOROCHEM","P&F | F.A","-0.41%","3270","94"
"955","Gujarat Industries Power Company Limited","GIPCL","P&F | F.A","0.62%","246","1,649"
"786","Gujarat Mineral Development Corporation Limited","GMDCLTD","P&F | F.A","0.29%","396","1,659"
"533","Gujarat Narmada Valley Fertilizers And Chemicals Limited","GNFC","P&F | F.A","0%","724.15","3,375"
"1014","Gujarat Pipavav Port Limited","GPPL","P&F | F.A","0.51%","213.8","11,391"
"953","Gujarat State Fertilizers & Chemicals Limited","GSFC","P&F | F.A","0.55%","247.1","9,145"
"883","Gujarat State Petronet Limited","GSPL","P&F | F.A","-0.02%","303","6,135"
"361","Gulf Oil Lubricants India Limited","GULFOILLUB","P&F | F.A","0.4%","1255","1,646"
"278","H.G. Infra Engineering Ltd","HGINFRA","P&F | F.A","0.26%","1731.45","802"
"471","Happiest Minds Technologies Ltd","HAPPSTMNDS","P&F | F.A","0.44%","837","3,871"
"360","Happy Forgings Ltd","HAPPYFORGE","P&F | F.A","0.6%","1256","516"
"1025","Harrisons  Malayalam Limited","HARRMALAYA","P&F | F.A","0%","208.07","269"
"397","Hatsun Agro Product Limited","HATSUN","P&F | F.A","0.97%","1062.75","34"
"684","Hbl Power Systems Limited","HBLPOWER","P&F | F.A","0.55%","503.8","6,629"
"149","HDFC Asset Management Company Ltd","HDFCAMC","P&F | F.A","0%","4109.7","544"
"282","Hdfc Bank Limited","HDFCBANK","P&F | F.A","0.57%","1715","562,073"
"608","HDFC Life Insurance Company Ltd","HDFCLIFE","P&F | F.A","0.49%","603.7","9,825"
"799","Healthcare Global Enterprises Limited","HCG","P&F | F.A","0.19%","378.4","26"
"226","Heg Limited","HEG","P&F | F.A","0.74%","2234","468"
"981","Heidelbergcement India Limited","HEIDELBERG","P&F | F.A","0.9%","229.4","8,413"
"1058","Hemisphere Properties India Ltd","HEMIPROP","P&F | F.A","0.35%","190","2,341"
"808","Heranba Industries Ltd","HERANBA","P&F | F.A","-0.01%","370.55","103"
"619","Hercules Hoists Limited","HERCULES","P&F | F.A","0.56%","579.9","189"
"637","Heritage Foods Limited","HERITGFOOD","P&F | F.A","0.47%","562","1,753"
"107","Hero Motocorp Limited","HEROMOTOCO","P&F | F.A","1.19%","5670","8,535"
"1044","Hexa Tradex Limited","HEXATRADEX","P&F | F.A","1.53%","195","166"
"180","Hil Limited","HIL","P&F | F.A","0.49%","2933.15","5"
"782","Himadri Speciality Chemical Limited","HSCL","P&F | F.A","0.78%","399.95","3,140"
"563","Hind Rectifiers Limited","HIRECT","P&F | F.A","-0.15%","684","200"
"558","Hindalco Industries Limited","HINDALCO","P&F | F.A","0.01%","689.9","7,563"
"1099","Hindprakash Industries Ltd","HPIL","P&F | F.A","1.71%","162.6","1"
"462","Hinduja Global Solutions Limited","HGS","P&F | F.A","1%","860.6","131"
"112","Hindustan Aeronautics Ltd","HAL","P&F | F.A","0.11%","5400","10,980"
"662","Hindustan Composites Limited","HINDCOMPOS","P&F | F.A","-0.01%","533","286"
"861","Hindustan Copper Limited","HINDCOPPER","P&F | F.A","0.4%","323.5","18,025"
"664","Hindustan Foods Ltd","HNDFDS","P&F | F.A","0.14%","529.15","101"
"1039","Hindustan Oil Exploration Company Limited","HINDOILEXP","P&F | F.A","0.36%","198.19","1,353"
"848","Hindustan Petroleum Corporation Limited","HINDPETRO","P&F | F.A","-0.15%","330.8","24,434"
"211","Hindustan Unilever Limited","HINDUNILVR","P&F | F.A","0.4%","2515","8,696"
"576","Hindustan Zinc Limited","HINDZINC","P&F | F.A","0.48%","659.9","1,526"
"736","Hindware Home Innovation Ltd","HINDWAREAP","P&F | F.A","0.31%","448.95","245"
"51","Hitachi Energy India Ltd","POWERINDIA","P&F | F.A","0.68%","13100","160"
"983","Hitech Corporation","HITECHCORP","P&F | F.A","0.49%","229.15","5"
"672","HLE Glascoat Ltd","HLEGLAS","P&F | F.A","1.15%","519.9","3,452"
"385","Home First Finance Company India Ltd","HOMEFIRST","P&F | F.A","0.85%","1135.9","2,848"
"741","Honasa Consumer Ltd","HONASA","P&F | F.A","1.09%","446","230"
"160","Honda Siel Power Products Limited","HONDAPOWER","P&F | F.A","0.05%","3730","113"
"4","Honeywell Automation India Limited","HONAUT","P&F | F.A","0.92%","57195","2"
"905","Housing and Urban Development Corporation","HUDCO","P&F | F.A","0.41%","282.4","32,232"
"735","Hpl Electric & Power Limited","HPL","P&F | F.A","0.63%","450.7","854"
"1059","Hubtown Limited","HUBTOWN","P&F | F.A","5%","187.37","43,570"
"812","Huhtamaki India Ltd","HUHTAMAKI","P&F | F.A","-0.03%","361.25","475"
"461","ICE Make Refrigeration Ltd","ICEMAKE","P&F | F.A","0.65%","864","62"
"370","Icici Bank Limited","ICICIBANK","P&F | F.A","0.43%","1217","257,409"
"265","ICICI Lombard General Insurance Company Ltd","ICICIGI","P&F | F.A","0.99%","1824.95","2,476"
"598","Icici Prudential Life Insurance Company Limited","ICICIPRULI","P&F | F.A","0.77%","621.45","1,143"
"509","ICICI Securities Ltd","ISEC","P&F | F.A","-0.62%","758.25","3,445"
"105","Icra Limited","ICRA","P&F | F.A","0.36%","5850","17"
"492","Ideaforge Technology Ltd","IDEAFORGE","P&F | F.A","0.2%","788","1,476"
"699","Ifb Agro Industries Limited","IFBAGRO","P&F | F.A","0.74%","489","67"
"281","Ifb Industries Limited","IFBIND","P&F | F.A","0.49%","1715.65","34"
"585","IFGL Refractories Ltd","IFGLEXPOR","P&F | F.A","0.47%","645.8","10"
"606","Ig Petrochemicals Limited","IGPL","P&F | F.A","0%","607.85","205"
"702","Igarashi Motors India Limited","IGARASHI","P&F | F.A","1.06%","486.9","659"
"675","Iifl Holdings Limited","IIFL","P&F | F.A","0.96%","515.75","10,527"
"1034","IIFL Securities Ltd","IIFLSEC","P&F | F.A","-5.35%","200","23,402"
"874","IKIO Lighting Ltd","IKIO","P&F | F.A","0%","308.95","1,184"
"642","Indegene Ltd","INDGN","P&F | F.A","0.42%","556.05","1,052"
"431","India Glycols Limited","INDIAGLYCO","P&F | F.A","0.92%","940","422"
"390","India Motor Parts And Accessories Limited","IMPAL","P&F | F.A","0.35%","1100.05","5"
"470","India Nippon Electricals Limited","INDNIPPON","P&F | F.A","1.5%","837.1","244"
"980","India Pesticides Ltd","IPL","P&F | F.A","-0.17%","230","1,400"
"529","India Shelter Finance Corporation Ltd","INDIASHLTR","P&F | F.A","0%","729.85","52"
"481","India Tourism Development Corporation Ltd","ITDC","P&F | F.A","-0.15%","824","684"
"1082","Indiabulls Housing Finance Limited","IBULHSGFIN","P&F | F.A","0.4%","170.1","13,764"
"651","Indian Bank","INDIANB","P&F | F.A","0%","545","308"
"1055","Indian Energy Exchange Ltd","IEX","P&F | F.A","0.88%","191","198,276"
"747","Indian Hume Pipe Company Limited","INDIANHUME","P&F | F.A","0.41%","435.9","1,444"
"515","Indian Metals & Ferro Alloys Limited","IMFA","P&F | F.A","-0.05%","752","215"
"1087","Indian Oil Corporation Limited","IOC","P&F | F.A","0.2%","168","78,292"
"415","Indian Railway Catering & Tourism Corporation Ltd","IRCTC","P&F | F.A","0.24%","995.2","3,910"
"1078","Indian Railway Finance Corporation Ltd","IRFC","P&F | F.A","0.43%","172.5","93,923"
"1041","Indian Renewable Energy Development Agency Ltd","IREDA","P&F | F.A","0.53%","197.15","199,887"
"334","Indigo Paints Ltd","INDIGOPNTS","P&F | F.A","0.99%","1414","637"
"738","Indo Count Industries Limited","ICIL","P&F | F.A","0.26%","448.05","6,749"
"273","Indo Tech Transformers Limited","INDOTECH","P&F | F.A","5%","1771.85","1,584"
"918","Indo Thai Securities Limited","INDOTHAI","P&F | F.A","-1.24%","271.5","100"
"840","Indoco Remedies Limited","INDOCO","P&F | F.A","0.92%","334.65","653"
"937","Indostar Capital Finance Ltd","INDOSTAR","P&F | F.A","1.19%","256.7","189"
"665","Indraprastha Gas Limited","IGL","P&F | F.A","0.78%","529","24,432"
"966","Indraprastha Medical Corporation Limited","INDRAMEDCO","P&F | F.A","0.38%","242","106"
"792","Indus Towers Ltd (Bharti Infratel)","INDUSTOWER","P&F | F.A","0.5%","391.6","150,552"
"322","Indusind Bank Limited","INDUSINDBK","P&F | F.A","0.03%","1457.4","4,316"
"1085","Industrial Investment Trust Limited","IITL","P&F | F.A","0%","169.41","1"
"90","Info Edge (india) Limited","NAUKRI","P&F | F.A","0.4%","6964.85","458"
"299","Infosys Limited","INFY","P&F | F.A","0.34%","1596.2","63,353"
"128","Ingersoll Rand (india) Limited","INGERRAND","P&F | F.A","0.2%","4648","20"
"691","Innova Captab Ltd","INNOVACAP","P&F | F.A","0%","498.6","92"
"1074","Inox Green Energy Services Ltd","INOXGREEN","P&F | F.A","0.73%","175.45","8,610"
"338","Inox India Ltd","INOXINDIA","P&F | F.A","0.68%","1394.7","4,025"
"87","Inox Wind Energy Ltd","IWEL","P&F | F.A","2.36%","7289","22"
"557","Insecticides (india) Limited","INSECTICID","P&F | F.A","-0.15%","690","22"
"1116","Intense Technologies Ltd","INTENTECH","P&F | F.A","4.12%","154.8","11,278"
"143","Interglobe Aviation Limited","INDIGO","P&F | F.A","0.3%","4234.95","3,180"
"742","Iol Chemicals And Pharmaceuticals Limited","IOLCP","P&F | F.A","8.45%","444","51,307"
"573","Ion Exchange (India) Ltd","IONEXCHANG","P&F | F.A","0.69%","668","16,269"
"384","Ipca Laboratories Limited","IPCALAB","P&F | F.A","0.07%","1136","354"
"917","Ircon International Ltd","IRCON","P&F | F.A","0.13%","271.6","14,654"
"711","IRMENERGY","IRMENERGY","P&F | F.A","0.68%","476","575"
"368","ISGEC Heavy Engineering  Ltd","ISGEC","P&F | F.A","0.34%","1224","72"
"753","Itc Limited","ITC","P&F | F.A","0.22%","430","70,018"
"870","Iti Limited","ITI","P&F | F.A","0.45%","311","4,590"
"445","J.kumar Infraprojects Limited","JKIL","P&F | F.A","0.75%","904.9","3,440"
"838","Jagsonpal Pharmaceuticals Limited","JAGSNPHARM","P&F | F.A","-0.89%","335.05","20"
"424","Jai Balaji Industries Limited","JAIBALAJI","P&F | F.A","4.49%","958","14,829"
"773","Jai Corp Limited","JAICORPLTD","P&F | F.A","0.53%","409","37,130"
"235","Jash Engineering Ltd","JASH","P&F | F.A","1.36%","2115","97"
"863","Jayant Agro Organics Limited","JAYAGROGN","P&F | F.A","0.61%","321.9","273"
"269","Jb Chemicals & Pharmaceuticals Limited","JBCHEPHARM","P&F | F.A","0.09%","1794.4","528"
"227","Jbm Auto Limited","JBMA","P&F | F.A","0.8%","2214.9","3,062"
"970","JGCHEM","JGCHEM","P&F | F.A","0.74%","239.69","123"
"586","Jindal Drilling And Industries Limited","JINDRILL","P&F | F.A","1.5%","645.35","291"
"428","Jindal Photo Limited","JINDALPHOT","P&F | F.A","4.17%","950","2,243"
"543","Jindal Poly Films Limited","JINDALPOLY","P&F | F.A","0.09%","711","131"
"442","Jindal Poly Investment And Finance Company Limited","JPOLYINVST","P&F | F.A","0.55%","912","130"
"650","Jindal Saw Limited","JINDALSAW","P&F | F.A","0%","545.7","1,311"
"488","Jindal Stainless Limited","JSL","P&F | F.A","-0.27%","809.15","1,280"
"828","Jindal Worldwide Limited","JINDWORLD","P&F | F.A","0.31%","345.25","47"
"820","Jio Financial Services Ltd","JIOFIN","P&F | F.A","0.11%","353.2","102,285"
"465","JITF Infra Logistics Ltd","JITFINFRA","P&F | F.A","1.19%","858","1"
"136","Jk Cement Limited","JKCEMENT","P&F | F.A","0.2%","4478.1","32"
"446","Jk Lakshmi Cement Limited","JKLAKSHMI","P&F | F.A","0.35%","900","248"
"656","Jk Paper Limited","JKPAPER","P&F | F.A","0.87%","539.5","1,944"
"737","Jk Tyre & Industries Limited","JKTYRE","P&F | F.A","0.58%","448.4","16,440"
"472","JNK India Ltd","JNKINDIA","P&F | F.A","0.56%","836","195"
"1022","Jocil Limited","JOCIL","P&F | F.A","0.44%","209","103"
"241","Johnson Controls-Hitachi Air Condition. India Ltd","JCHAC","P&F | F.A","2.51%","2050","1,249"
"549","JSFB","JSFB","P&F | F.A","0.83%","701","315"
"516","Jsw Energy Limited","JSWENERGY","P&F | F.A","0.03%","750.4","6,951"
"82","Jsw Holdings Limited","JSWHL","P&F | F.A","0.16%","7442","25"
"819","JSW Infrastructure Ltd","JSWINFRA","P&F | F.A","0.57%","355.2","44,777"
"430","Jsw Steel Limited","JSWSTEEL","P&F | F.A","0.12%","945","9,432"
"1002","JTEKT India Ltd","JTEKTINDIA","P&F | F.A","0%","221.75","792"
"624","Jubilant Foodworks Limited","JUBLFOOD","P&F | F.A","0.12%","576","4,216"
"296","Jubilant Industries Limited","JUBLINDS","P&F | F.A","-0.74%","1611.65","11"
"661","Jubilant Ingrevia Ltd","JUBLINGREA","P&F | F.A","0%","534.75","827"
"523","Jubilant Pharmova Ltd","JUBLPHARMA","P&F | F.A","0.75%","738.1","299"
"754","Juniper Hotels Ltd","JUNIPER","P&F | F.A","0.17%","429.8","233"
"356","Jupiter Life Line Hospitals Ltd","JLHL","P&F | F.A","0.89%","1289.6","8"
"553","Jupiter Wagons Ltd","JWL","P&F | F.A","0.3%","694","4,110"
"402","Just Dial Limited","JUSTDIAL","P&F | F.A","-0.22%","1050","326"
"734","Jyothy Laboratories Limited","JYOTHYLAB","P&F | F.A","0.18%","452","4,060"
"343","Jyoti CNC Automation Ltd","JYOTICNC","P&F | F.A","2.68%","1370","1,033"
"438","K.p.r. Mill Limited","KPRMILL","P&F | F.A","0.86%","920","627"
"772","Kabra Extrusion Technik Limited","KABRAEXTRU","P&F | F.A","0.59%","414.75","160"
"307","Kajaria Ceramics Limited","KAJARIACER","P&F | F.A","0.99%","1511","1,919"
"978","Kakatiya Cement Sugar & Industries Limited","KAKATCEM","P&F | F.A","0.64%","231.6","100"
"377","Kalpataru Projects International Ltd","KPIL","P&F | F.A","0.38%","1173.85","274"
"686","Kalyan Jewellers India Ltd","KALYANKJIL","P&F | F.A","0.58%","500.4","8,747"
"659","Kalyani Forge Limited","KALYANIFRG","P&F | F.A","-0.14%","534.95","29"
"98","Kalyani Investment Company Limited","KICL","P&F | F.A","0.46%","6525","26"
"417","Kalyani Steels Limited","KSL","P&F | F.A","0.67%","976.95","586"
"976","Kamat Hotels (i) Limited","KAMATHOTEL","P&F | F.A","0%","232.6","29"
"649","Kamdhenu Limited","KAMDHENU","P&F | F.A","0.35%","546.8","330"
"912","Kansai Nerolac Paints Limited","KANSAINER","P&F | F.A","1.41%","273.8","5,298"
"1024","Karur Vysya Bank Limited","KARURVYSYA","P&F | F.A","0.72%","208.55","4,244"
"482","Kaushalya Infrastructure Development Corporation Limited","KAUSHALYA","P&F | F.A","3.38%","819","17"
"432","Kaveri Seed Company Limited","KSCL","P&F | F.A","0.03%","939","701"
"152","Kaynes Technology India Ltd","KAYNES","P&F | F.A","0.63%","3999","1,269"
"943","Kcp Limited","KCP","P&F | F.A","0.62%","252.7","3,956"
"171","Kddl Limited","KDDL","P&F | F.A","0.19%","3183.55","13"
"456","Kec International Limited","KEC","P&F | F.A","0.01%","884","767"
"135","Kei Industries Limited","KEI","P&F | F.A","0.3%","4495","267"
"776","Kernex Microsystems (india) Limited","KERNEX","P&F | F.A","0.46%","403.85","150"
"1011","Kesoram Industries Limited","KESORAMIND","P&F | F.A","0.38%","215","1,010"
"510","Kewal Kiran Clothing Limited","KKCL","P&F | F.A","0.29%","757","397"
"567","Keystone Realtors Ltd","RUSTOMJEE","P&F | F.A","0.66%","678","56"
"525","KFin Technologies Ltd","KFINTECH","P&F | F.A","0.42%","737.4","2,141"
"824","Khadim India Ltd","KHADIM","P&F | F.A","0.29%","349.8","252"
"239","Kingfa Science & Technology (india) Limited","KINGFA","P&F | F.A","0.17%","2099.25","8"
"733","Kiocl Limited","KIOCL","P&F | F.A","0.38%","452.9","341"
"854","Kiri Industries Limited","KIRIINDUS","P&F | F.A","0.57%","328.4","135"
"225","Kirloskar Brothers Limited","KIRLOSBROS","P&F | F.A","1.11%","2259.5","584"
"1035","Kirloskar Electric Company Limited","KECL","P&F | F.A","2.41%","200","6,687"
"102","Kirloskar Industries Limited","KIRLOSIND","P&F | F.A","0.26%","6135.05","5"
"331","Kirloskar Oil Engines Limited","KIRLOSENG","P&F | F.A","0.14%","1421","122"
"348","Kirloskar Pneumatic Company Ltd","KIRLPNU","P&F | F.A","0.03%","1340","30"
"1012","Kitex Garments Limited","KITEX","P&F | F.A","0.42%","214.07","395"
"827","Knr Constructions Limited","KNRCON","P&F | F.A","0.36%","346.6","2,489"
"1106","Kokuyo Camlin Limited","KOKUYOCMLN","P&F | F.A","2.04%","159.99","4,822"
"752","Kolte - Patil Developers Limited","KOLTEPATIL","P&F | F.A","0.86%","430.45","712"
"932","Kopran Limited","KOPRAN","P&F | F.A","0.25%","258.4","426"
"267","Kotak Mahindra Bank Limited","KOTAKBANK","P&F | F.A","0.71%","1820.95","85,119"
"264","KPI Green Energy Ltd","KPIGREEN","P&F | F.A","2.65%","1830","3,577"
"881","Krbl Limited","KRBL","P&F | F.A","0.5%","304","6,802"
"892","Krishana Phoschem Ltd","KRISHANA","P&F | F.A","0.29%","293.95","227"
"233","Krishna Institute of Medical Sciences Ltd","KIMS","P&F | F.A","0.02%","2134","315"
"1109","Kronox Lab Sciences Ltd","KRONOX","P&F | F.A","0.69%","157.7","1,198"
"601","Krsnaa Diagnostics Ltd","KRSNAA","P&F | F.A","1.21%","618","91"
"480","Krystal Integrated Services Ltd","KRYSTAL","P&F | F.A","1.33%","824","1,225"
"123","KSB Ltd","KSB","P&F | F.A","0.96%","4901","217"
"379","Ksolves India Ltd","KSOLVES","P&F | F.A","1.5%","1156.55","123"
"1105","Kuantum Papers Ltd","KUANTUM","P&F | F.A","2.07%","160","2,849"
"923","L T Foods Ltd","LTFOODS","P&F | F.A","0.48%","263.45","1,624"
"1050","L&T Finance Ltd","LTF","P&F | F.A","1.16%","192.3","133,714"
"119","L&t Technology Services Limited","LTTS","P&F | F.A","0.76%","5080","485"
"837","La Opala Rg Limited","LAOPALA","P&F | F.A","0.62%","338.4","704"
"38","Lakshmi Machine Works Limited","LAXMIMACH","P&F | F.A","0.89%","16915","11"
"538","Landmark Cars Ltd","LANDMARK","P&F | F.A","0.01%","719.15","75"
"166","Larsen & Toubro Limited","LT","P&F | F.A","0.24%","3535.05","4,753"
"748","Laurus Labs Limited","LAURUSLABS","P&F | F.A","0.97%","435","5,907"
"835","Laxmi Goldorna House Ltd","LGHL","P&F | F.A","-1.99%","339.05","2"
"929","Laxmi Organic Industries Ltd","LXCHEM","P&F | F.A","0.29%","260.45","3,378"
"1107","Le Travenues Technology Ltd","IXIGO","P&F | F.A","0.26%","159.08","2,180"
"317","Lg Balakrishnan & Bros Limited","LGBBROSLTD","P&F | F.A","-0.17%","1469.9","161"
"789","Liberty Shoes Limited","LIBERTSHOE","P&F | F.A","0.64%","394.8","202"
"483","Lic Housing Finance Limited","LICHSGFIN","P&F | F.A","0.2%","818","4,895"
"709","Likhitha Infrastructure Ltd","LIKHITHA","P&F | F.A","1.96%","479","6,303"
"582","Lincoln Pharmaceuticals Limited","LINCOLN","P&F | F.A","1.07%","652","433"
"77","Linde India Limited","LINDEINDIA","P&F | F.A","1%","8529.75","334"
"521","Lloyds Metals & Energy Ltd","LLOYDSME","P&F | F.A","0.92%","739.6","792"
"771","Lokesh Machines Limited","LOKESHMACH","P&F | F.A","0.46%","414.95","18"
"111","LTI Mindtree Ltd","LTIM","P&F | F.A","0.05%","5450.05","640"
"615","Lumax Auto Technologies Limited","LUMAXTECH","P&F | F.A","0.58%","585.8","37"
"193","Lumax Industries Limited","LUMAXIND","P&F | F.A","-0.69%","2790.4","10"
"321","Lux Industries Limited","LUXIND","P&F | F.A","1.31%","1460","276"
"330","Macpower CNC Machines Ltd","MACPOWER","P&F | F.A","1.82%","1429","25"
"305","Macrotech Developers Ltd","LODHA","P&F | F.A","0.56%","1530","2,573"
"989","Madhya Bharat Agro Products Ltd","MBAPL","P&F | F.A","-1.2%","227.1","100"
"504","Magadh Sugar & Energy Ltd","MAGADSUGAR","P&F | F.A","0.42%","763.45","16"
"1079","Maha Rashtra Apex Corporation Ltd","MAHAPEXLTD","P&F | F.A","1.87%","172","51"
"274","Mahanagar Gas Limited","MGL","P&F | F.A","0.76%","1760.05","15,238"
"70","Maharashtra Scooters Limited","MAHSCOOTER","P&F | F.A","0.7%","8950","1"
"579","Maharashtra Seamless Limited","MAHSEAMLES","P&F | F.A","-0.04%","657","510"
"875","Mahindra & Mahindra Financial Services Limited","M&MFIN","P&F | F.A","0.55%","308.3","11,028"
"185","Mahindra & Mahindra Limited","M&M","P&F | F.A","0.5%","2890.2","19,461"
"1090","Mahindra EPC Irrigation Ltd","MAHEPC","P&F | F.A","0.41%","166.49","32"
"723","Mahindra Holidays & Resorts India Limited","MHRIL","P&F | F.A","0.65%","463.5","360"
"654","Mahindra Logistics Ltd","MAHLOG","P&F | F.A","0.4%","540.05","2,350"
"372","Maithan Alloys Limited","MAITHANALL","P&F | F.A","-0.09%","1211","257"
"715","Man Industries (india) Limited","MANINDS","P&F | F.A","1.32%","475","14,190"
"1043","Man Infraconstruction Limited","MANINFRA","P&F | F.A","0.95%","196.8","2,857"
"1017","Manappuram Finance Limited","MANAPPURAM","P&F | F.A","0.15%","212.05","13,196"
"454","Mangalam Cement Limited","MANGLMCEM","P&F | F.A","0%","889.45","46"
"1010","Mangalore Refinery And Petrochemicals Limited","MRPL","P&F | F.A","0%","215.92","8,867"
"229","Mankind Pharma Ltd","MANKIND","P&F | F.A","0.37%","2168.9","343"
"982","Manoj Vaibhav Gems N Jewellers Ltd","MVGJL","P&F | F.A","0.16%","229.2","37"
"610","Marathon Nextgen Realty Limited","MARATHON","P&F | F.A","0%","599.95","315"
"599","Marico Limited","MARICO","P&F | F.A","0%","620.5","20,016"
"1093","Marksans Pharma Limited","MARKSANS","P&F | F.A","0.63%","164.8","2,204"
"59","Maruti Suzuki India Limited","MARUTI","P&F | F.A","0.34%","12149.95","2,476"
"890","MAS Financial Services Ltd","MASFIN","P&F | F.A","0.71%","296.6","415"
"192","Mastek Limited","MASTEK","P&F | F.A","0.81%","2828","161"
"587","Matrimony.com Ltd","MATRIMONY","P&F | F.A","-0.06%","643.6","17"
"716","Max Estates Ltd","MAXESTATES","P&F | F.A","-0.72%","475","572"
"416","Max Financial Services Limited","MFSL","P&F | F.A","-0.1%","994.75","1,245"
"429","Max Healthcare Institute Ltd","MAXHEALTH","P&F | F.A","-0.61%","949.95","5,277"
"884","Max India Ltd","MAXIND","P&F | F.A","0.61%","303","200"
"575","Mayur Uniquoters Ltd","MAYURUNIQ","P&F | F.A","0.96%","660","745"
"137","Mazagon Dock Shipbuilders Ltd","MAZDOCK","P&F | F.A","0.34%","4409","10,278"
"328","Mazda Limited","MAZDA","P&F | F.A","0.03%","1434.75","3"
"640","Medi Assist Healthcare Services Ltd","MEDIASSIST","P&F | F.A","0.43%","561","87"
"727","Medicamen Biotech Ltd","MEDICAMEQ","P&F | F.A","0.43%","459.65","31"
"682","Minda Corporation Limited","MINDACORP","P&F | F.A","1.68%","504.8","9,812"
"866","Mindteck (india) Limited","MINDTECK","P&F | F.A","1.47%","318.45","279"
"725","Mishra Dhatu Nigam Ltd","MIDHANI","P&F | F.A","-0.04%","460.2","2,568"
"354","Mm Forgings Limited","MMFL","P&F | F.A","0.89%","1299","647"
"696","Moil Limited","MOIL","P&F | F.A","0.73%","492","9,390"
"927","Mold-tek Technologies Limited","MOLDTECH","P&F | F.A","0.87%","261","258"
"607","Monte Carlo Fashions Limited","MONTECARLO","P&F | F.A","0.34%","604","30"
"1040","Motherson Sumi Systems Limited","MOTHERSON","P&F | F.A","0.41%","197.55","54,929"
"616","Motilal Oswal Financial Services Limited","MOTILALOFS","P&F | F.A","-1.1%","585","13,964"
"1096","Motisons Jewellers Ltd","MOTISONS","P&F | F.A","1.55%","164","2,206"
"212","Mphasis Limited","MPHASIS","P&F | F.A","0.65%","2511","911"
"234","Mps Limited","MPSLTD","P&F | F.A","0.64%","2126.9","33"
"1","Mrf Limited","MRF","P&F | F.A","0.08%","129770","23"
"259","MTAR Technologies Ltd","MTARTECH","P&F | F.A","0.66%","1854.4","318"
"1094","Mukand Limited","MUKANDLTD","P&F | F.A","0.16%","164.09","200"
"157","Multi Commodity Exchange Of India Limited","MCX","P&F | F.A","-0.33%","3888.2","559"
"1102","Munjal Showa Limited","MUNJALSHOW","P&F | F.A","0.48%","162","162"
"270","Muthoot Finance Limited","MUTHOOTFIN","P&F | F.A","0.29%","1793.85","163"
"964","Muthoot Microfin Ltd","MUTHOOTMF","P&F | F.A","0.04%","242.11","103"
"705","N R Agarwal Industries Ltd","NRAIL","P&F | F.A","1.15%","483.8","264"
"205","N. B. I. Industrial Finance Company Limited","NBIFIN","P&F | F.A","2.38%","2568.9","40"
"162","Naga Dhunseri Group Limited","NDGL","P&F | F.A","3.06%","3673.95","10"
"857","Nahar Capital And Financial Services Limited","NAHARCAP","P&F | F.A","0.52%","326.85","298"
"886","Nahar Poly Films Limited","NAHARPOLY","P&F | F.A","2.74%","298.8","29,156"
"878","Nahar Spinning Mills Limited","NAHARSPING","P&F | F.A","0.18%","306","729"
"132","Nalwa Sons Investments Limited","NSIL","P&F | F.A","-0.36%","4600","150"
"366","Narayana Hrudayalaya Ltd.","NH","P&F | F.A","1.03%","1228.65","1,676"
"374","Natco Pharma Limited","NATCOPHARM","P&F | F.A","0.7%","1207.4","1,418"
"952","Nath Bio-genes (india) Limited","NATHBIOGEN","P&F | F.A","0.23%","247.45","8,390"
"1049","National Aluminium Company Limited","NATIONALUM","P&F | F.A","0.51%","192.3","22,977"
"517","Nava Ltd","NAVA","P&F | F.A","-0.57%","749.9","460"
"164","Navin Fluorine International Limited","NAVINFLUOR","P&F | F.A","0.22%","3629","240"
"1113","Navneet Education Limited","NAVNETEDUL","P&F | F.A","0.57%","155.44","410"
"453","Nazara Technologies Ltd","NAZARA","P&F | F.A","0.45%","889.95","2,221"
"1111","Nbcc (india) Limited","NBCC","P&F | F.A","0.45%","157.3","60,763"
"862","Ncc Limited","NCC","P&F | F.A","0.51%","322.7","22,563"
"960","Ncl Industries Limited","NCLIND","P&F | F.A","-0.53%","244","2,175"
"447","NDR Auto Components Ltd","NDRAUTO","P&F | F.A","0.73%","899.9","34"
"1117","Nelcast Limited","NELCAST","P&F | F.A","1.11%","154.4","600"
"497","Nelco Limited","NELCO","P&F | F.A","1.3%","779.85","366"
"427","Nesco Limited","NESCO","P&F | F.A","0.25%","954.05","307"
"204","Nestle India Limited","NESTLEIND","P&F | F.A","0.67%","2585.4","6,412"
"200","Netweb Technologies India Ltd","NETWEB","P&F | F.A","0.87%","2687","478"
"81","Neuland Laboratories Limited","NEULANDLAB","P&F | F.A","1.11%","7803.65","112"
"1004","New Delhi Television Limited","NDTV","P&F | F.A","0.25%","221.14","561"
"949","New India Assurance Company Ltd","NIACL","P&F | F.A","1.39%","248.9","15,887"
"408","Newgen Software Technologies Ltd","NEWGEN","P&F | F.A","1.5%","1020","1,986"
"26","NIFTY","NIFTY","P&F | F.A","0.36%","24228.75","0"
"12","Nifty IT","CNXIT","P&F | F.A","0.37%","37006.35","0"
"30","Nifty midcap 150","NIFTYMIDCAP150","P&F | F.A","0.36%","21105.7","0"
"24","NIFTY100","NIFTY100","P&F | F.A","0.34%","25241.75","0"
"14","NIFTY100EQLWGT","NIFTY100EQLWGT","P&F | F.A","0.29%","32861.7","0"
"125","NIFTY100ESG","NIFTY100ESG","P&F | F.A","0.36%","4800.35","0"
"150","NIFTY100ESGSECLDR","NIFTY100ESGSECLDR","P&F | F.A","0.36%","4037.7","0"
"91","NIFTY100LIQ15","NIFTY100LIQ15","P&F | F.A","0.32%","6921.95","0"
"35","NIFTY100LOWVOL30","NIFTY100LOWVOL30","P&F | F.A","0.35%","19245","0"
"49","NIFTY200","NIFTY200","P&F | F.A","0.34%","13714.55","0"
"13","NIFTY200MOMENTM30","NIFTY200MOMENTM30","P&F | F.A","0.36%","35795.45","0"
"31","NIFTY200QUALITY30","NIFTY200QUALITY30","P&F | F.A","0.36%","21005.75","0"
"29","NIFTY500","NIFTY500","P&F | F.A","0.35%","22806.3","0"
"41","NIFTY500MULTICAP","NIFTY500MULTICAP","P&F | F.A","0.35%","15946.7","0"
"17","NIFTY50EQLWGT","NIFTY50EQLWGT","P&F | F.A","0.25%","30466.95","0"
"1033","NIFTY50PR1XINV","NIFTY50PR1XINV","P&F | F.A","-0.35%","201.55","0"
"48","NIFTY50PR2XLEV","NIFTY50PR2XLEV","P&F | F.A","0.7%","14115.95","0"
"1088","NIFTY50TR1XINV","NIFTY50TR1XINV","P&F | F.A","-0.33%","167.75","0"
"32","NIFTY50TR2XLEV","NIFTY50TR2XLEV","P&F | F.A","0.7%","20421.6","0"
"50","NIFTY50VALUE20","NIFTY50VALUE20","P&F | F.A","0.32%","13173.25","0"
"106","NIFTY50VALUE30","NIFTY50VALUE30","P&F | F.A","0.39%","5715.55","0"
"5","NIFTYALPHA50","NIFTYALPHA50","P&F | F.A","0.22%","56695.7","0"
"19","NIFTYALPHALOWVOL","NIFTYALPHALOWVOL","P&F | F.A","0.3%","28208.05","0"
"23","NIFTYAUTO","NIFTYAUTO","P&F | F.A","0.29%","25397.3","0"
"68","NIFTYCOMMODITIES","NIFTYCOMMODITIES","P&F | F.A","0.29%","9327.65","0"
"62","NIFTYCONSUMPTION","NIFTYCONSUMPTION","P&F | F.A","0.31%","11225.85","0"
"10","NIFTYCONSURDURBL","NIFTYCONSURDURBL","P&F | F.A","0.39%","38818","0"
"92","NIFTYCPSE","NIFTYCPSE","P&F | F.A","0.44%","6803.65","0"
"100","NIFTYDIVOPPS50","NIFTYDIVOPPS50","P&F | F.A","0.32%","6312.9","0"
"27","NIFTYFINSERVICE","NIFTYFINSERVICE","P&F | F.A","0.43%","23732.55","0"
"22","NIFTYFINSRV2550","NIFTYFINSRV2550","P&F | F.A","0.41%","25617.1","0"
"3","NIFTYFMCG","NIFTYFMCG","P&F | F.A","0.36%","57360.65","0"
"61","NIFTYGROWSECT15","NIFTYGROWSECT15","P&F | F.A","0.3%","11231.8","0"
"222","NIFTYGS10YR","NIFTYGS10YR","P&F | F.A","0.05%","2332.67","0"
"457","NIFTYGS10YRCLN","NIFTYGS10YRCLN","P&F | F.A","0.04%","877.5","0"
"183","NIFTYGS1115YR","NIFTYGS1115YR","P&F | F.A","0.04%","2919.72","0"
"169","NIFTYGS15YRPLUS","NIFTYGS15YRPLUS","P&F | F.A","0.1%","3241.01","0"
"188","NIFTYGS48YR","NIFTYGS48YR","P&F | F.A","0.04%","2854.07","0"
"202","NIFTYGS813YR","NIFTYGS813YR","P&F | F.A","0.05%","2633.62","0"
"197","NIFTYGSCOMPSITE","NIFTYGSCOMPSITE","P&F | F.A","0.06%","2731.5","0"
"54","NIFTYHEALTHCARE","NIFTYHEALTHCARE","P&F | F.A","0.02%","12597.75","0"
"76","NIFTYINDDIGITAL","NIFTYINDDIGITAL","P&F | F.A","0.36%","8535.2","0"
"45","NIFTYINDIAMFG","NIFTYINDIAMFG","P&F | F.A","0.26%","14744.1","0"
"42","NIFTYLARGEMID250","NIFTYLARGEMID250","P&F | F.A","0.35%","15933.75","0"
"25","NIFTYM150QLTY50","NIFTYM150QLTY50","P&F | F.A","0.47%","24824.25","0"
"240","NIFTYMEDIA","NIFTYMEDIA","P&F | F.A","0.56%","2051.95","0"
"66","NIFTYMETAL","NIFTYMETAL","P&F | F.A","0.19%","9901.95","0"
"28","NIFTYMICROCAP250","NIFTYMICROCAP250","P&F | F.A","0.65%","23732.2","0"
"43","NIFTYMIDCAP50","NIFTYMIDCAP50","P&F | F.A","0.21%","15874.2","0"
"52","NIFTYMIDLIQ15","NIFTYMIDLIQ15","P&F | F.A","0.31%","13008.7","0"
"57","NIFTYMIDSELECT","NIFTYMIDSELECT","P&F | F.A","0.25%","12308.35","0"
"33","NIFTYMIDSMALLCAP400","NIFTYMIDSMALLCAP400","P&F | F.A","0.36%","19823.9","0"
"56","NIFTYOILANDGAS","NIFTYOILANDGAS","P&F | F.A","0.39%","12318.5","0"
"86","NIFTYPSUBANK","NIFTYPSUBANK","P&F | F.A","0.24%","7327.7","0"
"21","NIFTYPVTBANK","NIFTYPVTBANK","P&F | F.A","0.41%","26318.05","0"
"16","NIFTYSERVSECTOR","NIFTYSERVSECTOR","P&F | F.A","0.38%","30772.45","0"
"37","NIFTYSMALLCAP250","NIFTYSMALLCAP250","P&F | F.A","0.35%","17428.65","0"
"73","NIFTYSMALLCAP50","NIFTYSMALLCAP50","P&F | F.A","0.25%","8737.65","0"
"53","NIFTYTOTALMKT","NIFTYTOTALMKT","P&F | F.A","0.36%","12841.55","0"
"729","NIIT Learning Systems Ltd","NIITMTS","P&F | F.A","0.64%","458","237"
"244","Nilkamal Limited","NILKAMAL","P&F | F.A","0.75%","2014.4","4"
"697","NINtec Systems Ltd","NINSYS","P&F | F.A","0.43%","492","62"
"574","Nippon Life India Asset Management Ltd","NAM-INDIA","P&F | F.A","0%","663.75","1,015"
"798","Nitin Spinners Limited","NITINSPIN","P&F | F.A","0.42%","379.8","730"
"946","Nmdc Limited","NMDC","P&F | F.A","0%","251.6","77,834"
"903","Nocil Limited","NOCIL","P&F | F.A","0.16%","284","4,085"
"805","Ntpc Limited","NTPC","P&F | F.A","0.77%","372.6","63,039"
"332","Nucleus Software Exports Limited","NUCLEUS","P&F | F.A","0.33%","1415","78"
"910","Nureca Ltd","NURECA","P&F | F.A","0.95%","274.95","110"
"124","Nuvama Wealth Management Ltd","NUVAMA","P&F | F.A","-1.46%","4896.9","417"
"807","Nuvoco Vistas Corporation Ltd","NUVOCO","P&F | F.A","0.12%","371.95","2,792"
"272","Oberoi Realty Limited","OBEROIRLTY","P&F | F.A","0.18%","1778","1,724"
"913","Oil & Natural Gas Corporation Limited","ONGC","P&F | F.A","0.09%","273.2","108,149"
"707","Oil India Limited","OIL","P&F | F.A","-32.62%","481","33,374"
"261","Olectra Greentech Ltd","OLECTRA","P&F | F.A","0.44%","1848.7","5,685"
"1086","Om Infra Ltd","OMINFRAL","P&F | F.A","-1.72%","168.05","1,321"
"755","Onward Technologies Limited","ONWARDTEC","P&F | F.A","0%","424.3","809"
"858","Optiemus Infracom Ltd","OPTIEMUS","P&F | F.A","0.7%","325","404"
"64","Oracle Financial Services Software Limited","OFSS","P&F | F.A","0.65%","10261","579"
"1064","Orbit Exports Limited","ORBTEXP","P&F | F.A","-0.88%","181.15","11"
"376","Orchid Pharma Ltd","ORCHPHARMA","P&F | F.A","1.99%","1174.8","574"
"775","Orient Bell Limited","ORIENTBELL","P&F | F.A","0.32%","404.1","18"
"868","Orient Cement Limited","ORIENTCEM","P&F | F.A","-0.05%","314","18,901"
"904","Orient Electric Ltd","ORIENTELEC","P&F | F.A","0%","283.05","2,563"
"783","Oriental Aromatics Ltd","OAL","P&F | F.A","0.03%","399","45"
"1005","Oriental Carbon & Chemicals Limited","OCCL","P&F | F.A","4.99%","219.95","3,125"
"9","Page Industries Limited","PAGEIND","P&F | F.A","0%","39046.55","33"
"950","Pakka Ltd","PAKKA","P&F | F.A","0.04%","248","2,000"
"784","Panama Petrochem Limited","PANAMAPET","P&F | F.A","0.71%","398","324"
"967","Par Drugs & Chemicals Ltd","PAR","P&F | F.A","0.07%","241.5","25"
"1072","Parag Milk Foods Limited","PARAGMILK","P&F | F.A","0.81%","177","4,118"
"326","Paras Defence and Space Technologies Ltd","PARAS","P&F | F.A","0.57%","1443","3,012"
"275","Patanjali Foods Ltd","PATANJALI","P&F | F.A","2.96%","1749.65","120,270"
"934","PCBL Ltd","PCBL","P&F | F.A","0.19%","257.9","2,875"
"639","PDS Ltd","PDSL","P&F | F.A","1.35%","561.25","46"
"489","Pearl Global Industries Limited","PGIL","P&F | F.A","0.67%","801.9","1,627"
"1069","Pennar Industries Limited","PENIND","P&F | F.A","2.38%","178","16,952"
"134","Persistent Systems Limited","PERSISTENT","P&F | F.A","0%","4496","1,709"
"842","Petronet Lng Limited","PETRONET","P&F | F.A","0.06%","334","6,187"
"131","Pfizer Limited","PFIZER","P&F | F.A","0.58%","4629","62"
"155","Pg Electroplast Limited","PGEL","P&F | F.A","1.6%","3970.45","1,640"
"159","Pi Industries Limited","PIIND","P&F | F.A","0.29%","3826.6","132"
"176","Pidilite Industries Limited","PIDILITIND","P&F | F.A","-0.37%","3110","2,657"
"114","Pilani Investment And Industries Corporation Limited","PILANIINVS","P&F | F.A","0.05%","5225.1","16"
"435","Piramal Enterprises Limited","PEL","P&F | F.A","0.44%","927","1,230"
"1108","Piramal Pharma Ltd","PPLPHARMA","P&F | F.A","0.42%","158.98","3,799"
"403","Pitti Engineering Ltd","PITTIENG","P&F | F.A","0.62%","1043","215"
"1028","Platinum Industries Ltd","PLATIND","P&F | F.A","1.01%","205.45","646"
"490","Pnb Housing Finance Limited","PNBHOUSING","P&F | F.A","-0.03%","800","4,769"
"541","Pokarna Limited","POKARNA","P&F | F.A","0.9%","715.2","147"
"245","Poly Medicure Limited","POLYMED","P&F | F.A","0.88%","2001.35","399"
"407","Polyplex Corporation Limited","POLYPLEX","P&F | F.A","0.05%","1028","224"
"458","Pondy Oxides & Chemicals Ltd","POCL","P&F | F.A","2.34%","873.55","1,508"
"704","Ponni Sugars (erode) Limited","PONNIERODE","P&F | F.A","1.1%","484","36"
"758","Poonawalla Fincorp Ltd","POONAWALLA","P&F | F.A","0%","422","6,426"
"958","Popular Vehicles & Services Ltd","PVSL","P&F | F.A","0.32%","245.25","163"
"685","Power Finance Corporation Limited","PFC","P&F | F.A","0.21%","502.3","32,382"
"849","Power Grid Corporation Of India Limited","POWERGRID","P&F | F.A","0.14%","330.05","74,951"
"120","Power Mech Projects Limited","POWERMECH","P&F | F.A","1.22%","4980","52"
"997","Ppap Automotive Limited","PPAP","P&F | F.A","0.26%","223.8","10"
"518","Praj Industries Limited","PRAJIND","P&F | F.A","0.71%","748","4,012"
"1060","Prakash Industries Limited","PRAKASH","P&F | F.A","0.19%","185","1,432"
"441","Prataap Snacks Ltd","DIAMONDYD","P&F | F.A","1.5%","914.55","401"
"1046","Precision Camshafts Limited","PRECAM","P&F | F.A","0.86%","195","208"
"1095","Precision Wires India Limited","PRECWIRE","P&F | F.A","-0.15%","164","246"
"676","Precot Meridian Limited","PRECOT","P&F | F.A","0%","514.25","82"
"507","Premier Explosives Limited","PREMEXPLN","P&F | F.A","0.34%","759.95","2,072"
"1019","Premier Polyfilm Limited","PREMIERPOL","P&F | F.A","1.65%","211","450"
"260","Prestige Estates Projects Limited","PRESTIGE","P&F | F.A","0.63%","1852","2,867"
"678","Pricol Ltd.","PRICOLLTD","P&F | F.A","2.29%","513.55","5,462"
"555","Prince Pipes & Fittings Ltd","PRINCEPIPE","P&F | F.A","1.26%","692","883"
"1071","Prism Johnson Ltd","PRSMJOHNSN","P&F | F.A","0.37%","177.6","1,355"
"118","Procter & Gamble Health Ltd","PGHL","P&F | F.A","0.6%","5139.65","50"
"39","Procter & Gamble Hygiene And Health Care Limited","PGHH","P&F | F.A","0.4%","16798","10"
"551","PSP Projects","PSPPROJECT","P&F | F.A","0.8%","696.8","664"
"1023","Ptc India Limited","PTC","P&F | F.A","0.35%","209","4,885"
"46","PTC Industries Ltd","PTCIL","P&F | F.A","1.65%","14227","65"
"323","Punjab Chemicals & Crop Protection Limited","PUNJABCHEM","P&F | F.A","0.07%","1449","11"
"658","Puravankara Projects Limited","PURVA","P&F | F.A","2.85%","535","903"
"310","PVR Inox Ltd","PVRINOX","P&F | F.A","0.48%","1505","2,908"
"1083","Pyramid Technoplast Ltd","PYRAMID","P&F | F.A","0.48%","170.05","192"
"590","Quess Corp Limited","QUESS","P&F | F.A","0.24%","636.4","2,642"
"671","Quick Heal Technologies Limited","QUICKHEAL","P&F | F.A","1.09%","520","299"
"919","R K Swamy Ltd","RKSWAMY","P&F | F.A","0.02%","269.9","53"
"660","R Systems International Limited","RSYSTEMS","P&F | F.A","0.53%","534.75","1,329"
"938","R. S. Software (india) Limited","RSSOFTWARE","P&F | F.A","5%","255.04","26,900"
"726","Race Eco Chain Ltd","RACE","P&F | F.A","4.87%","460","70,736"
"271","Radico Khaitan Limited","RADICO","P&F | F.A","0.34%","1786.1","131"
"767","Rail Vikas Nigam Ltd","RVNL","P&F | F.A","0.2%","415.85","61,228"
"721","Railtel Corporation of India Ltd","RAILTEL","P&F | F.A","-0.46%","470","52,303"
"1098","Rain Industries Limited","RAIN","P&F | F.A","0.46%","162.8","2,608"
"359","Rainbow Childrens Medicare Ltd","RAINBOW","P&F | F.A","0.3%","1260.1","44"
"899","Rajesh Exports Limited","RAJESHEXPO","P&F | F.A","0.59%","287.45","662"
"865","Rallis India Limited","RALLIS","P&F | F.A","0.5%","318.85","1,133"
"779","Ram Ratna Wires Ltd","RAMRAT","P&F | F.A","0.97%","402.1","553"
"1052","Rama Phosphates Ltd","RAMAPHO","P&F | F.A","0.53%","192","11"
"935","Ramco Industries Limited","RAMCOIND","P&F | F.A","0.64%","257.89","345"
"440","Ramkrishna Forgings Limited","RKFORGE","P&F | F.A","0.43%","916","43,558"
"444","Rane (madras) Limited","RML","P&F | F.A","0.27%","907.7","128"
"410","Rane Brake Lining Limited","RBL","P&F | F.A","0.11%","1017","202"
"739","Rane Engine Valve Limited","RANEENGINE","P&F | F.A","0.39%","448.05","100"
"288","Rane Holdings Limited","RANEHOLDIN","P&F | F.A","3.43%","1660","9,921"
"1038","Rashtriya Chemicals And Fertilizers Limited","RCF","P&F | F.A","0.76%","198.5","58,936"
"511","Rategain Travel Technologies Ltd","RATEGAIN","P&F | F.A","0.93%","754.9","268"
"163","Ratnamani Metals & Tubes Limited","RATNAMANI","P&F | F.A","-0.46%","3641","23"
"177","Raymond Limited","RAYMOND","P&F | F.A","1.04%","3075","4,808"
"995","Redington (india) Limited","REDINGTON","P&F | F.A","0.7%","224.3","10,654"
"1057","Refex Industries Limited","REFEX","P&F | F.A","1.96%","190","167,684"
"469","Relaxo Footwears Limited","RELAXO","P&F | F.A","0.49%","837.95","211"
"961","Reliance Chemotex Industries Ltd","RELCHEMQ","P&F | F.A","-0.09%","244","846"
"336","Reliance Industrial Infrastructure Limited","RIIL","P&F | F.A","0.42%","1407","5,994"
"175","Reliance Industries Limited","RELIANCE","P&F | F.A","0.6%","3139","163,955"
"1054","Reliance Infrastructure Limited","RELINFRA","P&F | F.A","1.13%","191.07","12,434"
"939","Religare Enterprises Limited","RELIGARE","P&F | F.A","-0.39%","254.9","21,224"
"409","Remsons Industries Limited","REMSONSIND","P&F | F.A","0.24%","1019.95","18"
"634","Repco Home Finance Limited","REPCOHOME","P&F | F.A","1.05%","564.9","497"
"596","Repro India Limited","REPRO","P&F | F.A","0.82%","624.7","102"
"588","RHI Magnesita India Ltd","RHIM","P&F | F.A","0%","642.65","284"
"864","Ritco Logistics Ltd","RITCO","P&F | F.A","0.69%","319.5","1,236"
"554","Rites Ltd","RITES","P&F | F.A","0.18%","693","1,636"
"209","Rolex Rings Ltd","ROLEXRINGS","P&F | F.A","-0.48%","2540","160"
"627","Rossell India Limited","ROSSELLIND","P&F | F.A","0.53%","573.95","495"
"583","Roto Pumps Ltd","ROTO","P&F | F.A","2.8%","650.15","40,340"
"262","Route Mobile Ltd","ROUTE","P&F | F.A","0%","1835.95","1,640"
"802","Royal Orchid Hotels Limited","ROHLTD","P&F | F.A","0.44%","376.4","314"
"294","Rpg Life Sciences Limited","RPGLIFE","P&F | F.A","0.29%","1615","70"
"531","RPSG Ventures Ltd","RPSGVENT","P&F | F.A","1.26%","727.8","281"
"834","RPTECH","RPTECH","P&F | F.A","1.28%","339.65","620"
"999","Rswm Limited","RSWM","P&F | F.A","0.6%","222.01","3,013"
"901","Rupa & Company Limited","RUPA","P&F | F.A","0.48%","285.5","520"
"644","Rural Electrification Corporation Limited","RECLTD","P&F | F.A","0.78%","554.95","114,679"
"825","Rushil Decor Limited","RUSHIL","P&F | F.A","0.49%","348.1","233"
"1045","S H Kelkar And Company Limited","SHK","P&F | F.A","0.26%","195","1,555"
"485","S J S Enterprises Ltd","SJS","P&F | F.A","1.08%","815","815"
"236","Safari Industries (India) Ltd","SAFARI","P&F | F.A","0%","2100.05","84"
"941","Sagar Cements Limited","SAGCEM","P&F | F.A","0.38%","252.95","1,000"
"1047","Sai Silks (Kalamandir) Ltd","KALAMANDIR","P&F | F.A","0.47%","194.9","1,960"
"867","Sakar Healthcare Ltd","SAKAR","P&F | F.A","0%","317.35","100"
"893","Saksoft Limited","SAKSOFT","P&F | F.A","1.5%","293.4","1,498"
"452","Salzer Electronics Limited","SALZERELEC","P&F | F.A","0.17%","893","128"
"622","Sandhar Technologies Limited","SANDHAR","P&F | F.A","1%","577.85","1,336"
"764","Sangam (india) Limited","SANGAMIND","P&F | F.A","0.52%","417.9","51"
"394","Sanghvi Movers Limited","SANGHVIMOV","P&F | F.A","-0.16%","1080.1","406"
"97","Sanofi India Limited","SANOFI","P&F | F.A","0.73%","6599.95","41"
"350","Sansera Engineering Ltd","SANSERA","P&F | F.A","0.75%","1318.85","280"
"301","Sapphire Foods India Ltd","SAPPHIRE","P&F | F.A","0%","1571.1","22"
"975","Sarda Energy & Minerals Limited","SARDAEN","P&F | F.A","0.59%","233.19","240"
"645","Saregama India Limited","SAREGAMA","P&F | F.A","0.13%","554.7","70"
"1032","Sarthak Metals Ltd","SMLT","P&F | F.A","2.62%","202","46"
"257","Sasken Communication Technologies Limited","SASKEN","P&F | F.A","0.83%","1865.45","118"
"986","Satin Creditcare Network Limited","SATIN","P&F | F.A","1.5%","227.2","1,500"
"626","Savita Oil Technologies Limited","SOTL","P&F | F.A","1.27%","574","540"
"532","SBI Cards & Payment Services Ltd","SBICARD","P&F | F.A","0.28%","725","999"
"309","SBI Life Insurance Company Ltd","SBILIFE","P&F | F.A","0.34%","1507","2,195"
"127","Schaeffler India Ltd","SCHAEFFLER","P&F | F.A","0.98%","4655.25","204"
"436","Schneider Electric Infrastructure Limited","SCHNEIDER","P&F | F.A","2.47%","927","2,021"
"355","Seamec Limited","SEAMECLTD","P&F | F.A","0.06%","1295.75","230"
"730","Security & Intelligence Services India","SIS","P&F | F.A","0.97%","458","69"
"528","Selan Exploration Technology Limited","SELAN","P&F | F.A","0.53%","730.9","31"
"386","Senco Gold Ltd","SENCO","P&F | F.A","0.47%","1132","505"
"467","Shaily Engineering Plastics Ltd","SHAILY","P&F | F.A","1.11%","845.95","251"
"156","Shakti Pumps (india) Limited","SHAKTIPUMP","P&F | F.A","1.22%","3895","19,893"
"911","Shalby Ltd","SHALBY","P&F | F.A","0.7%","274.3","642"
"604","Shanthi Gears Limited","SHANTIGEAR","P&F | F.A","1%","615.1","1,165"
"690","Sharda Cropchem Limited","SHARDACROP","P&F | F.A","0.83%","499.55","7,469"
"207","Sharda Motor Industries Limited","SHARDAMOTR","P&F | F.A","0.73%","2556.35","777"
"885","Share India Securities Ltd","SHAREINDIA","P&F | F.A","-1.41%","301","8,649"
"643","Sheetal Cool Products Ltd","SCPL","P&F | F.A","0.33%","555","100"
"632","Shilpa Medicare Limited","SHILPAMED","P&F | F.A","0.5%","566.15","319"
"933","Shipping Corporation Of India Limited","SCI","P&F | F.A","0.43%","258.15","7,540"
"612","Shivalik Bimetal Controls Ltd","SBCL","P&F | F.A","0.85%","598.7","700"
"592","Shivalik Rasayan Ltd","SHIVALIK","P&F | F.A","-0.46%","634.45","280"
"505","Shoppers Stop Limited","SHOPERSTOP","P&F | F.A","-0.01%","760.9","76"
"18","Shree Cements Limited","SHREECEM","P&F | F.A","0%","28353.4","17"
"1018","Shree Pushkar Chemicals & Fertilisers Limited","SHREEPUSHK","P&F | F.A","0.22%","211.55","76"
"906","Shreyans Industries Limited","SHREYANIND","P&F | F.A","1.44%","281.95","10"
"832","Shreyas Shipping & Logistics Limited","SHREYAS","P&F | F.A","-1.02%","340","201"
"182","Shriram Finance Ltd","SHRIRAMFIN","P&F | F.A","0.09%","2927","970"
"255","Shriram Pistons & Rings Limited","SHRIPISTON","P&F | F.A","0.3%","1900","25"
"536","Shyam Metalics & Energy Ltd","SHYAMMETL","P&F | F.A","0.81%","720.9","8,400"
"80","Siemens Limited","SIEMENS","P&F | F.A","-0.01%","7871","837"
"900","SIGNPOST","SIGNPOST","P&F | F.A","-0.02%","286.3","58"
"638","Sil Investments Limited","SILINV","P&F | F.A","0.03%","561.6","1"
"530","Silver Touch Technologies Ltd","SILVERTUC","P&F | F.A","0.46%","729.5","2"
"669","Siyaram Silk Mills Limited","SIYSIL","P&F | F.A","0.82%","520.4","112"
"93","Skf India Limited","SKFINDIA","P&F | F.A","3.29%","6750","1,072"
"810","Skipper Limited","SKIPPER","P&F | F.A","1.26%","365","5,203"
"925","Skm Egg Products Export (india) Limited","SKMEGGPROD","P&F | F.A","1.23%","263","240"
"283","Sky Gold Ltd","SKYGOLD","P&F | F.A","2.68%","1700","48"
"898","Smartlink Network Systems Limited","SMARTLINK","P&F | F.A","0%","287.8","1"
"1097","SMC Global Securities Ltd","SMCGLOBAL","P&F | F.A","-1.38%","163.5","5,955"
"228","Sml Isuzu Limited","SMLISUZU","P&F | F.A","0.57%","2179","428"
"948","Sms Pharmaceuticals Limited","SMSPHARMA","P&F | F.A","1.23%","249.4","9,156"
"253","Sobha Limited","SOBHA","P&F | F.A","0.01%","1908.95","829"
"787","Softtech Engineers Ltd","SOFTTECH","P&F | F.A","1.59%","395.95","4"
"65","Solar Industries India Limited","SOLARINDS","P&F | F.A","1.2%","10220","938"
"614","Solara Active Pharma Sciences Ltd","SOLARA","P&F | F.A","1.97%","588.9","9,074"
"476","Somany Ceramics Limited","SOMANYCERA","P&F | F.A","0%","828.85","323"
"1053","Somi Conveyor Beltings Limited","SOMICONVEY","P&F | F.A","0%","191.94","254"
"572","Sona BLW Precision Forgings Ltd","SONACOMS","P&F | F.A","0.43%","672.5","3,098"
"597","Sonata Software Limited","SONATSOFTW","P&F | F.A","0.4%","624","1,957"
"524","Spandana Sphoorty Financial Ltd","SPANDANA","P&F | F.A","0.83%","737.5","1,060"
"1076","Speciality Restaurants Limited","SPECIALITY","P&F | F.A","0.63%","175.3","100"
"1075","Spml Infra Limited","SPMLINFRA","P&F | F.A","5%","175.38","650"
"455","Sportking India Ltd","SPORTKING","P&F | F.A","1.4%","887.95","54"
"641","Sree Rayalaseema Hi-strength Hypo Limited","SRHHYPOLTD","P&F | F.A","0%","556.75","544"
"897","Sreeleathers Limited","SREEL","P&F | F.A","1.05%","287.9","103"
"213","Srf Limited","SRF","P&F | F.A","0.11%","2465","556"
"847","SRG Housing Finance Ltd","SRGHFL","P&F | F.A","0.51%","332.4","3"
"1070","SRM Contractors Ltd","SRM","P&F | F.A","-0.47%","177.65","39"
"680","Stanley Lifestyles Ltd","STANLEY","P&F | F.A","0.36%","507.45","12,249"
"1016","Star Cement Ltd","STARCEMENT","P&F | F.A","0.39%","212.45","478"
"621","Star Health & Allied Insurance Company Ltd","STARHEALTH","P&F | F.A","0.83%","577.95","4,571"
"944","Star Paper Mills Limited","STARPAPER","P&F | F.A","0.08%","252","50"
"468","State Bank Of India","SBIN","P&F | F.A","0.24%","844","54,002"
"991","Steel Strips Wheels Limited","SSWL","P&F | F.A","0.57%","225.9","1,855"
"552","Steelcast Ltd","STEELCAS","P&F | F.A","1.5%","696.2","285"
"544","Sterling & Wilson Renewable Energy Ltd","SWSOLAR","P&F | F.A","0%","709.5","2,624"
"809","Sterling Tools Limited","STERTOOLS","P&F | F.A","0.68%","370","18"
"584","Stove Kraft Ltd","STOVEKRAFT","P&F | F.A","0%","646.95","3,011"
"426","Strides Shasun Limited","STAR","P&F | F.A","1.12%","954.35","914"
"250","Stylam Industries Ltd","STYLAMIND","P&F | F.A","0.4%","1954.95","128"
"232","Styrenix Performance Materials Ltd","STYRENIX","P&F | F.A","0.1%","2134.95","380"
"513","Subros Limited","SUBROS","P&F | F.A","-1.73%","753.95","3,991"
"443","Sudarshan Chemical Industries Limited","SUDARSCHEM","P&F | F.A","0.71%","909","1,120"
"687","Sula Vineyards Ltd","SULA","P&F | F.A","0.22%","500.2","686"
"708","Sumitomo Chemical India Ltd","SUMICHEM","P&F | F.A","0.22%","479.8","702"
"249","Summit Securities Limited","SUMMITSEC","P&F | F.A","0.97%","1968.4","207"
"969","Sun Pharma Advanced Research Company Limited","SPARC","P&F | F.A","-0.05%","241.1","1,123"
"306","Sun Pharmaceuticals Industries Limited","SUNPHARMA","P&F | F.A","-0.4%","1514","5,401"
"494","Sun Tv Network Limited","SUNTV","P&F | F.A","0.85%","784.75","1,690"
"909","Sundaram Finance Holdings Ltd","SUNDARMHLD","P&F | F.A","0.88%","276","183"
"130","Sundaram Finance Limited","SUNDARMFIN","P&F | F.A","0.09%","4630","64"
"345","Sundram Fasteners Limited","SUNDRMFAST","P&F | F.A","0.52%","1364.3","199"
"987","Sunflag Iron And Steel Company Limited","SUNFLAG","P&F | F.A","0.96%","227.16","6,185"
"635","Sunteck Realty Limited","SUNTECK","P&F | F.A","0.18%","564.4","1,604"
"670","Suprajit Engineering Limited","SUPRAJIT","P&F | F.A","0.49%","520","305"
"104","Supreme Industries Limited","SUPREMEIND","P&F | F.A","0.01%","5967","160"
"496","Supreme Petrochem Ltd","SPLPETRO","P&F | F.A","0.95%","782.5","68"
"777","Supriya Lifescience Ltd","SUPRIYA","P&F | F.A","1.46%","403.8","1,359"
"595","Surya Roshni Limited","SURYAROSNI","P&F | F.A","0.34%","625.6","755"
"1056","Suryoday Small Finance Bank Ltd","SURYODAY","P&F | F.A","0.42%","190.5","513"
"484","Suven Pharmaceuticals Ltd","SUVENPHAR","P&F | F.A","-1%","815.9","1,363"
"600","Swan Energy Limited","SWANENERGY","P&F | F.A","0.97%","620.25","6,968"
"186","Swaraj Engines Limited","SWARAJENG","P&F | F.A","0.82%","2890","74"
"363","Swelect Energy Systems Limited","SWELECTES","P&F | F.A","0.54%","1241.9","432"
"371","Symphony Limited","SYMPHONY","P&F | F.A","0.05%","1211.05","226"
"815","Synergy Green Industries Ltd","SGIL","P&F | F.A","1.83%","358.85","480"
"539","Syngene International Limited","SYNGENE","P&F | F.A","0.45%","718.95","1,242"
"694","Syrma SGS Technology Ltd","SYRMA","P&F | F.A","0.75%","494.9","2,010"
"845","Taj Gvk Hotels & Resorts Limited","TAJGVK","P&F | F.A","0.12%","332.55","1,327"
"850","Talbros Automotive Components Limited","TALBROAUTO","P&F | F.A","2.69%","330","8,943"
"915","Tamil Nadu Newsprint & Papers Limited","TNPL","P&F | F.A","-0.33%","272","652"
"719","Tamilnad Mercantile Bank Ltd","TMB","P&F | F.A","0%","473.4","501"
"418","Tanla Solutions Limited","TANLA","P&F | F.A","0.37%","973.9","1,274"
"756","Tara Chand Logistic Solutions Ltd","TARACHAND","P&F | F.A","1.47%","423.95","950"
"674","Tarsons Products Ltd","TARSONS","P&F | F.A","1.5%","516.6","872"
"387","Tata Chemicals Limited","TATACHEM","P&F | F.A","0.14%","1108.95","419"
"258","Tata Communications Limited","TATACOMM","P&F | F.A","0.06%","1857","574"
"153","Tata Consultancy Services Limited","TCS","P&F | F.A","0.39%","3993.6","34,178"
"392","TATA Consumer Products Ltd","TATACONSUM","P&F | F.A","0.13%","1096","5,004"
"89","Tata Elxsi Limited","TATAELXSI","P&F | F.A","0.38%","7100","279"
"94","Tata Investment Corporation Limited","TATAINVEST","P&F | F.A","1.57%","6699.7","720"
"413","Tata Motors Limited","TATAMOTORS","P&F | F.A","0.2%","1004.05","237,648"
"570","Tata Motors Limited","TATAMTRDVR","P&F | F.A","-0.38%","673.15","4,085"
"746","Tata Power Company Limited","TATAPOWER","P&F | F.A","0.14%","436","31,190"
"1077","Tata Steel Limited","TATASTEEL","P&F | F.A","0.23%","174.47","92,753"
"383","Tatva Chintan Pharma Chem Ltd","TATVA","P&F | F.A","0.33%","1139","25"
"254","TBO Tek Ltd","TBOTEK","P&F | F.A","0.3%","1904.85","156"
"652","TCNS Clothing Co. Ltd","TCNSBRANDS","P&F | F.A","-0.59%","541.8","230"
"210","TCPL Packaging Ltd","TCPLPACK","P&F | F.A","0.03%","2516.9","2"
"816","Td Power Systems Limited","TDPOWERSYS","P&F | F.A","-0.84%","358.5","1,636"
"178","Teamlease Services Limited","TEAMLEASE","P&F | F.A","0%","2998.6","18"
"314","Tech Mahindra Limited","TECHM","P&F | F.A","0.54%","1480","14,708"
"302","Techno Electric & Engineering Company Ltd","TECHNOE","P&F | F.A","1.57%","1570","252"
"184","Technocraft Industries (india) Limited","TIIL","P&F | F.A","-0.07%","2912.25","7"
"289","Tega Industries Ltd","TEGA","P&F | F.A","0.91%","1648.4","459"
"329","Tejas Networks","TEJASNET","P&F | F.A","0.49%","1433","1,343"
"974","Tembo Global Industries Ltd","TEMBO","P&F | F.A","0.55%","235","251"
"942","Texmaco Rail & Engineering Limited","TEXRAIL","P&F | F.A","0.84%","252.9","67,104"
"276","Thangamayil Jewellery Limited","THANGAMAYL","P&F | F.A","0.94%","1737.25","62"
"266","The Anup Engineering Ltd","ANUP","P&F | F.A","0.26%","1824","114"
"1066","The Federal Bank  Limited","FEDERALBNK","P&F | F.A","0.34%","178.35","9,727"
"365","The Great Eastern Shipping Company Limited","GESHIP","P&F | F.A","0.91%","1229.7","3,032"
"902","The India Cements Limited","INDIACEM","P&F | F.A","0.64%","284.8","15,681"
"602","The Indian Hotels Company Limited","INDHOTEL","P&F | F.A","0.36%","617","5,613"
"84","The Orissa Minerals Development Company Limited","ORISSAMINE","P&F | F.A","1%","7355","72"
"165","The Phoenix Mills Limited","PHOENIXLTD","P&F | F.A","0.43%","3586.7","148"
"464","The Ramco Cements Limited","RAMCOCEM","P&F | F.A","0.11%","858.15","249"
"988","The Ruby Mills Limited","RUBYMILLS","P&F | F.A","0.5%","227.1","62"
"297","The Sandesh Limited","SANDESH","P&F | F.A","0.82%","1602","62"
"1110","The State Trading Corporation Of India Limited","STCINDIA","P&F | F.A","0.08%","157.55","966"
"761","The United Nilgiri Tea Estates Company Limited","UNITEDTEA","P&F | F.A","2.28%","419","100"
"1020","Themis Medicare Limited","THEMISMED","P&F | F.A","0.53%","210.9","7"
"113","Thermax Limited","THERMAX","P&F | F.A","0.22%","5309.95","88"
"871","Thirumalai Chemicals Limited","TIRUMALCHM","P&F | F.A","0.86%","309.6","522"
"954","Thomas Cook  (india)  Limited","THOMASCOOK","P&F | F.A","0.11%","247","2,622"
"578","Thyrocare Technologies Limited","THYROCARE","P&F | F.A","1.25%","658.9","506"
"217","Tide Water Oil Company (india) Limited","TIDEWATER","P&F | F.A","0.24%","2380","334"
"843","Time Technoplast Limited","TIMETECHNO","P&F | F.A","0.48%","333.9","2,749"
"140","Timken India Limited","TIMKEN","P&F | F.A","-0.01%","4320","321"
"744","Tips Industries Limited","TIPSINDLTD","P&F | F.A","0.48%","438.95","1,432"
"263","Titagarh Rail Systems Ltd","TITAGARH","P&F | F.A","0.46%","1834","7,043"
"167","Titan Company Limited","TITAN","P&F | F.A","0.42%","3446","3,617"
"195","Torrent Pharmaceuticals Limited","TORNTPHARM","P&F | F.A","0.14%","2785.05","115"
"318","Torrent Power Limited","TORNTPOWER","P&F | F.A","0.59%","1465.05","767"
"1027","Tourism Finance Corporation Of India Limited","TFCILTD","P&F | F.A","0.32%","205.5","4,663"
"520","Transformers And Rectifiers (india) Limited","TRIL","P&F | F.A","-1.96%","744","13,262"
"433","Transport Corporation Of India Limited","TCI","P&F | F.A","1.21%","934.9","148"
"109","Trent Limited","TRENT","P&F | F.A","-0.01%","5515","1,221"
"785","Triveni Engineering & Industries Limited","TRIVENI","P&F | F.A","0.03%","397","1,689"
"605","Triveni Turbine Limited","TRITURBINE","P&F | F.A","0.62%","613.45","1,600"
"316","Ttk Healthcare Limited","TTKHLTCARE","P&F | F.A","0.74%","1475","1"
"475","Ttk Prestige Limited","TTKPRESTIG","P&F | F.A","0.45%","829","585"
"142","Tube Investments of India Ltd","TIINDIA","P&F | F.A","0%","4235.15","465"
"973","Tv Today Network Limited","TVTODAY","P&F | F.A","0.73%","235.59","287"
"823","Tvs Electronics Limited","TVSELECT","P&F | F.A","0.46%","350.6","63"
"47","TVS Holdings Ltd","TVSHLTD","P&F | F.A","-0.07%","14200","57"
"220","Tvs Motor Company Limited","TVSMOTOR","P&F | F.A","0%","2354.6","4,503"
"139","Tvs Srichakra Limited","TVSSRICHAK","P&F | F.A","1.09%","4383","22"
"1062","TVS Supply Chain Solutions Ltd","TVSSCS","P&F | F.A","1.11%","183.58","3,182"
"666","Uflex Limited","UFLEX","P&F | F.A","0.54%","527","175"
"907","Ugro Capital Ltd","UGROCAP","P&F | F.A","-0.09%","281.65","2,011"
"60","Ultratech Cement Limited","ULTRACEMCO","P&F | F.A","0.33%","11944","1,104"
"657","Unichem Laboratories Limited","UNICHEMLAB","P&F | F.A","0.82%","535","1"
"668","Uniparts India Ltd","UNIPARTS","P&F | F.A","0.21%","522","117"
"243","United Breweries Limited","UBL","P&F | F.A","0.62%","2022","380"
"977","United Drilling Tools Ltd","UNIDT","P&F | F.A","0.63%","232.45","46"
"358","United Spirits Ltd","UNITDSPR","P&F | F.A","0.49%","1274","782"
"537","Universal Cables Limited","UNIVCABLES","P&F | F.A","1.3%","719.4","121"
"381","Uno Minda Ltd","UNOMINDA","P&F | F.A","0.81%","1151.5","4,649"
"625","Upl Limited","UPL","P&F | F.A","0.11%","574.1","4,960"
"617","Uravi T and Wedge Lamps Ltd","URAVI","P&F | F.A","3.28%","584.9","2"
"774","Usha Martin Limited","USHAMART","P&F | F.A","0.94%","406","4,533"
"404","UTI Asset Management Company Ltd","UTIAMC","P&F | F.A","0.69%","1036.85","367"
"826","Uttam Sugar Mills Limited","UTTAMSUGAR","P&F | F.A","0.29%","347","74"
"750","V-guard Industries Limited","VGUARD","P&F | F.A","0.1%","434.45","749"
"179","V-mart Retail Limited","VMART","P&F | F.A","0%","2991","41"
"146","V.s.t Tillers Tractors Limited","VSTTILLERS","P&F | F.A","-0.08%","4149","55"
"503","V2 Retail Limited","V2RETAIL","P&F | F.A","2.35%","769.9","571"
"138","Vadilal Industries Limited","VADILALIND","P&F | F.A","0.26%","4395","9"
"841","Vaibhav Global Limited","VAIBHAVGBL","P&F | F.A","0.68%","334","7,161"
"765","Valiant Organics Ltd","VALIANTORG","P&F | F.A","0.74%","416.8","75"
"151","Vardhman Holdings Limited","VHL","P&F | F.A","0.5%","4026.9","5"
"873","Vardhman Special Steels Limited","VSSL","P&F | F.A","0.02%","309","53"
"692","Vardhman Textiles Limited","VTL","P&F | F.A","1.37%","498","1,308"
"568","Varroc Engineering Ltd","VARROC","P&F | F.A","0.57%","675","267"
"722","Vedanta Limited","VEDL","P&F | F.A","0.43%","467","44,680"
"246","Venky's (india) Limited","VENKEYS","P&F | F.A","0.33%","2000","39"
"238","Venus Pipes & Tubes Ltd","VENUSPIPES","P&F | F.A","0.19%","2100","140"
"811","Venus Remedies Limited","VENUSREM","P&F | F.A","0.51%","361.4","24"
"963","Veranda Learning Solutions Ltd","VERANDA","P&F | F.A","0.08%","243.85","10,203"
"115","Vesuvius India Limited","VESUVIUS","P&F | F.A","0.65%","5200","17"
"928","Vibhor Steel Tubes Ltd","VSTL","P&F | F.A","-0.02%","260.75","157"
"743","Vidhi Specialty Food Ingredients","VIDHIING","P&F | F.A","0.89%","441.8","113"
"495","Vijaya Diagnostic Centre Ltd","VIJAYA","P&F | F.A","0.49%","783.15","475"
"701","Vimta Labs Limited","VIMTALABS","P&F | F.A","1.5%","488.05","213"
"251","Vinati Organics Limited","VINATIORGA","P&F | F.A","1.05%","1920","184"
"208","Vindhya Telelinks Limited","VINDHYATEL","P&F | F.A","0.94%","2549.9","139"
"770","Vinyl Chemicals (india) Limited","VINYLINDIA","P&F | F.A","0.88%","415","130"
"703","Vip Industries Limited","VIPIND","P&F | F.A","0.07%","484","1,793"
"717","Vishnu Chemicals Limited","VISHNU","P&F | F.A","0%","474.3","453"
"879","Vls Finance Limited","VLSFINANCE","P&F | F.A","0.99%","306","1,826"
"58","Voltamp Transformers Limited","VOLTAMP","P&F | F.A","1.7%","12179.45","263"
"324","Voltas Limited","VOLTAS","P&F | F.A","0.12%","1445.95","1,016"
"620","Vrl Logistics Limited","VRLLOG","P&F | F.A","1.57%","578","262"
"148","Vst Industries Limited","VSTIND","P&F | F.A","1.01%","4130","51"
"1091","W S Industries (i) Limited","WSI","P&F | F.A","-1.37%","166.41","13,112"
"940","Walchandnagar Industries Limited","WALCHANNAG","P&F | F.A","2.56%","253.4","15,941"
"1115","Wanbury Limited","WANBURY","P&F | F.A","-0.8%","155","2,500"
"491","Wealth First Portfolio Managers Ltd","WEALTH","P&F | F.A","-0.91%","794.6","19"
"629","Websol Energy System Limited","WEBELSOLAR","P&F | F.A","0.53%","570","584"
"636","Welspun Corp Limited","WELCORP","P&F | F.A","0.79%","563","3,474"
"714","Welspun Enterprises Limited","WELENT","P&F | F.A","0%","475.1","740"
"1114","Welspun Living Ltd","WELSPUNLIV","P&F | F.A","0.21%","155.2","6,457"
"44","Wendt (india) Limited","WENDT","P&F | F.A","1.22%","15525","6"
"559","West Coast Paper Mills Limited","WSTCSTPAPR","P&F | F.A","0.5%","689.2","346"
"477","Westlife Development Ltd","WESTLIFE","P&F | F.A","0.15%","827.55","134"
"466","Wheels India Limited","WHEELS","P&F | F.A","2.93%","849.95","4,256"
"248","Whirlpool Of India Limited","WHIRLPOOL","P&F | F.A","0.91%","1974.8","795"
"526","Windlas Biotech Ltd","WINDLAS","P&F | F.A","0.02%","736.25","7"
"1101","Windsor Machines Limited","WINDMACHIN","P&F | F.A","5%","162.04","4,885"
"663","Wipro Limited","WIPRO","P&F | F.A","0.37%","529.3","98,656"
"473","Wockhardt Limited","WOCKPHARMA","P&F | F.A","0.98%","832","56,446"
"421","Wonder Electricals Ltd","WEL","P&F | F.A","1.47%","968.2","1"
"439","Wonderla Holidays Limited","WONDERLA","P&F | F.A","0.68%","916.7","26"
"414","Xpro India Limited","XPROINDIA","P&F | F.A","0.65%","997.15","97"
"247","Yasho Industries Ltd","YASHO","P&F | F.A","0.51%","1995","16"
"766","Yatharth Hospital & Trauma Care Services Ltd","YATHARTH","P&F | F.A","-0.43%","416.05","100"
"367","Yuken India Ltd","YUKEN","P&F | F.A","1.31%","1227.25","10"
"1119","Zee Entertainment Enterprises Limited","ZEEL","P&F | F.A","0.56%","153.78","34,464"
"353","Zen Technologies Limited","ZENTEC","P&F | F.A","1.05%","1304","11,297"
"506","Zensar Technologies Limited","ZENSARTECH","P&F | F.A","0.67%","760","2,021"
"40","ZF Commercial Vehicle Control System India Ltd","ZFCVINDIA","P&F | F.A","0.26%","16050","14"
"487","Zodiac Energy Ltd","ZODIAC","P&F | F.A","4.16%","810","2,353"
"1029","Zomato Ltd","ZOMATO","P&F | F.A","0.01%","204","202,577"
"631","Zota Health Care Ltd","ZOTA","P&F | F.A","0.52%","569.2","2"
"984","Zuari Agro Chemicals Limited","ZUARI","P&F | F.A","0.61%","228.65","1,187"
"780","Zuari Industries Ltd","ZUARIIND","P&F | F.A","0.58%","401.85","1,033"
"395","Zydus Lifesciences Ltd","ZYDUSLIFE","P&F | F.A","0.72%","1075","1,232"
"252","Zydus Wellness Limited","ZYDUSWELL","P&F | F.A","2.62%","1915","490"
